-- MySQL dump 10.13  Distrib 8.0.12, for Win64 (x86_64)
--
-- Host: localhost    Database: gestionetudiants
-- ------------------------------------------------------
-- Server version	8.0.12

/*!40101 SET @OLD_CHARACTER_SET_CLIENT=@@CHARACTER_SET_CLIENT */;
/*!40101 SET @OLD_CHARACTER_SET_RESULTS=@@CHARACTER_SET_RESULTS */;
/*!40101 SET @OLD_COLLATION_CONNECTION=@@COLLATION_CONNECTION */;
 SET NAMES utf8mb4 ;
/*!40103 SET @OLD_TIME_ZONE=@@TIME_ZONE */;
/*!40103 SET TIME_ZONE='+00:00' */;
/*!40014 SET @OLD_UNIQUE_CHECKS=@@UNIQUE_CHECKS, UNIQUE_CHECKS=0 */;
/*!40014 SET @OLD_FOREIGN_KEY_CHECKS=@@FOREIGN_KEY_CHECKS, FOREIGN_KEY_CHECKS=0 */;
/*!40101 SET @OLD_SQL_MODE=@@SQL_MODE, SQL_MODE='NO_AUTO_VALUE_ON_ZERO' */;
/*!40111 SET @OLD_SQL_NOTES=@@SQL_NOTES, SQL_NOTES=0 */;

--
-- Current Database: `gestionetudiants`
--

CREATE DATABASE /*!32312 IF NOT EXISTS*/ `gestionetudiants` /*!40100 DEFAULT CHARACTER SET utf8mb4 COLLATE utf8mb4_0900_ai_ci */;

USE `gestionetudiants`;

--
-- Table structure for table `absences`
--

DROP TABLE IF EXISTS `absences`;
/*!40101 SET @saved_cs_client     = @@character_set_client */;
 SET character_set_client = utf8mb4 ;
CREATE TABLE `absences` (
  `idAbscence` int(10) unsigned NOT NULL AUTO_INCREMENT,
  `heures` int(11) NOT NULL,
  `Etudiant_idEtudiant` int(10) unsigned NOT NULL,
  `UE_idUE` int(10) unsigned NOT NULL,
  `created_at` timestamp NULL DEFAULT NULL,
  `updated_at` timestamp NULL DEFAULT NULL,
  PRIMARY KEY (`idAbscence`),
  KEY `absences_etudiant_idetudiant_foreign` (`Etudiant_idEtudiant`),
  KEY `absences_ue_idue_foreign` (`UE_idUE`),
  CONSTRAINT `absences_etudiant_idetudiant_foreign` FOREIGN KEY (`Etudiant_idEtudiant`) REFERENCES `etudiants` (`idetudiant`),
  CONSTRAINT `absences_ue_idue_foreign` FOREIGN KEY (`UE_idUE`) REFERENCES `u_es` (`idue`)
) ENGINE=InnoDB DEFAULT CHARSET=utf8mb4 COLLATE=utf8mb4_unicode_ci;
/*!40101 SET character_set_client = @saved_cs_client */;

--
-- Dumping data for table `absences`
--

LOCK TABLES `absences` WRITE;
/*!40000 ALTER TABLE `absences` DISABLE KEYS */;
/*!40000 ALTER TABLE `absences` ENABLE KEYS */;
UNLOCK TABLES;

--
-- Table structure for table `decision_semestres`
--

DROP TABLE IF EXISTS `decision_semestres`;
/*!40101 SET @saved_cs_client     = @@character_set_client */;
 SET character_set_client = utf8mb4 ;
CREATE TABLE `decision_semestres` (
  `idDecisionSemestre` int(10) unsigned NOT NULL AUTO_INCREMENT,
  `decision` varchar(45) COLLATE utf8mb4_unicode_ci NOT NULL,
  `Etudiant_idEtudiant` int(10) unsigned NOT NULL,
  `Semestre_idSemestre` int(10) unsigned NOT NULL,
  `created_at` timestamp NULL DEFAULT NULL,
  `updated_at` timestamp NULL DEFAULT NULL,
  PRIMARY KEY (`idDecisionSemestre`),
  KEY `decision_semestres_etudiant_idetudiant_foreign` (`Etudiant_idEtudiant`),
  KEY `decision_semestres_semestre_idsemestre_foreign` (`Semestre_idSemestre`),
  CONSTRAINT `decision_semestres_etudiant_idetudiant_foreign` FOREIGN KEY (`Etudiant_idEtudiant`) REFERENCES `etudiants` (`idetudiant`),
  CONSTRAINT `decision_semestres_semestre_idsemestre_foreign` FOREIGN KEY (`Semestre_idSemestre`) REFERENCES `semestres` (`idsemestre`)
) ENGINE=InnoDB DEFAULT CHARSET=utf8mb4 COLLATE=utf8mb4_unicode_ci;
/*!40101 SET character_set_client = @saved_cs_client */;

--
-- Dumping data for table `decision_semestres`
--

LOCK TABLES `decision_semestres` WRITE;
/*!40000 ALTER TABLE `decision_semestres` DISABLE KEYS */;
/*!40000 ALTER TABLE `decision_semestres` ENABLE KEYS */;
UNLOCK TABLES;

--
-- Table structure for table `decision_u_es`
--

DROP TABLE IF EXISTS `decision_u_es`;
/*!40101 SET @saved_cs_client     = @@character_set_client */;
 SET character_set_client = utf8mb4 ;
CREATE TABLE `decision_u_es` (
  `idDecisionUE` int(10) unsigned NOT NULL AUTO_INCREMENT,
  `decision` varchar(45) COLLATE utf8mb4_unicode_ci NOT NULL,
  `Etudiant_idEtudiant` int(10) unsigned NOT NULL,
  `UE_idUE` int(10) unsigned NOT NULL,
  `created_at` timestamp NULL DEFAULT NULL,
  `updated_at` timestamp NULL DEFAULT NULL,
  PRIMARY KEY (`idDecisionUE`),
  KEY `decision_u_es_etudiant_idetudiant_foreign` (`Etudiant_idEtudiant`),
  KEY `decision_u_es_ue_idue_foreign` (`UE_idUE`),
  CONSTRAINT `decision_u_es_etudiant_idetudiant_foreign` FOREIGN KEY (`Etudiant_idEtudiant`) REFERENCES `etudiants` (`idetudiant`),
  CONSTRAINT `decision_u_es_ue_idue_foreign` FOREIGN KEY (`UE_idUE`) REFERENCES `u_es` (`idue`)
) ENGINE=InnoDB DEFAULT CHARSET=utf8mb4 COLLATE=utf8mb4_unicode_ci;
/*!40101 SET character_set_client = @saved_cs_client */;

--
-- Dumping data for table `decision_u_es`
--

LOCK TABLES `decision_u_es` WRITE;
/*!40000 ALTER TABLE `decision_u_es` DISABLE KEYS */;
/*!40000 ALTER TABLE `decision_u_es` ENABLE KEYS */;
UNLOCK TABLES;

--
-- Table structure for table `diplomes`
--

DROP TABLE IF EXISTS `diplomes`;
/*!40101 SET @saved_cs_client     = @@character_set_client */;
 SET character_set_client = utf8mb4 ;
CREATE TABLE `diplomes` (
  `idDiplome` int(10) unsigned NOT NULL AUTO_INCREMENT,
  `nom` varchar(45) COLLATE utf8mb4_unicode_ci NOT NULL,
  `debut` date NOT NULL,
  `fin` date NOT NULL,
  `Etudiant_idEtudiant` int(10) unsigned NOT NULL,
  `created_at` timestamp NULL DEFAULT NULL,
  `updated_at` timestamp NULL DEFAULT NULL,
  PRIMARY KEY (`idDiplome`),
  KEY `diplomes_etudiant_idetudiant_foreign` (`Etudiant_idEtudiant`),
  CONSTRAINT `diplomes_etudiant_idetudiant_foreign` FOREIGN KEY (`Etudiant_idEtudiant`) REFERENCES `etudiants` (`idetudiant`)
) ENGINE=InnoDB DEFAULT CHARSET=utf8mb4 COLLATE=utf8mb4_unicode_ci;
/*!40101 SET character_set_client = @saved_cs_client */;

--
-- Dumping data for table `diplomes`
--

LOCK TABLES `diplomes` WRITE;
/*!40000 ALTER TABLE `diplomes` DISABLE KEYS */;
/*!40000 ALTER TABLE `diplomes` ENABLE KEYS */;
UNLOCK TABLES;

--
-- Table structure for table `etudiants`
--

DROP TABLE IF EXISTS `etudiants`;
/*!40101 SET @saved_cs_client     = @@character_set_client */;
 SET character_set_client = utf8mb4 ;
CREATE TABLE `etudiants` (
  `idEtudiant` int(10) unsigned NOT NULL AUTO_INCREMENT,
  `nom` varchar(45) COLLATE utf8mb4_unicode_ci NOT NULL,
  `prenom` varchar(45) COLLATE utf8mb4_unicode_ci NOT NULL,
  `numEtu` varchar(45) COLLATE utf8mb4_unicode_ci NOT NULL,
  `groupe` varchar(5) COLLATE utf8mb4_unicode_ci NOT NULL,
  `Formation_idFormation` int(10) unsigned NOT NULL,
  `Semestre_idSemestre` int(10) unsigned NOT NULL,
  `created_at` timestamp NULL DEFAULT NULL,
  `updated_at` timestamp NULL DEFAULT NULL,
  PRIMARY KEY (`idEtudiant`),
  KEY `etudiants_formation_idformation_foreign` (`Formation_idFormation`),
  KEY `etudiants_semestre_idsemestre_foreign` (`Semestre_idSemestre`),
  CONSTRAINT `etudiants_formation_idformation_foreign` FOREIGN KEY (`Formation_idFormation`) REFERENCES `formations` (`idformation`),
  CONSTRAINT `etudiants_semestre_idsemestre_foreign` FOREIGN KEY (`Semestre_idSemestre`) REFERENCES `semestres` (`idsemestre`)
) ENGINE=InnoDB AUTO_INCREMENT=123 DEFAULT CHARSET=utf8mb4 COLLATE=utf8mb4_unicode_ci;
/*!40101 SET character_set_client = @saved_cs_client */;

--
-- Dumping data for table `etudiants`
--

LOCK TABLES `etudiants` WRITE;
/*!40000 ALTER TABLE `etudiants` DISABLE KEYS */;
INSERT INTO `etudiants` VALUES (1,'BAUDELET','Geoffrey','20170926','2-B',1,4,'2018-11-26 15:35:06','2018-11-26 15:35:06'),(2,'BIGARD','Samuel','20170927','2-C',1,4,'2018-11-26 15:35:06','2018-11-26 15:35:06'),(3,'BISSON','Julien','20170928','2-A',1,4,'2018-11-26 15:35:06','2018-11-26 15:35:06'),(4,'BONTE','Nicolas','20170929','2-A',1,4,'2018-11-26 15:35:06','2018-11-26 15:35:06'),(5,'BOULNOIS','Louis','20170930','2-A',1,4,'2018-11-26 15:35:06','2018-11-26 15:35:06'),(6,'CHATELET','Hadrien','20170931','2-B',1,4,'2018-11-26 15:35:06','2018-11-26 15:35:06'),(7,'CLEROT','Jérémy','20170932','2-C',1,4,'2018-11-26 15:35:06','2018-11-26 15:35:06'),(8,'CORNU','Bastien','20170933','2-C',1,4,'2018-11-26 15:35:06','2018-11-26 15:35:06'),(9,'DACHY','Remy','20170934','2-B',1,4,'2018-11-26 15:35:06','2018-11-26 15:35:06'),(10,'DANGLETERRE','Thomas','20170935','2-C',1,4,'2018-11-26 15:35:06','2018-11-26 15:35:06'),(11,'DEBACKER','Thomas','20170936','2-C',1,4,'2018-11-26 15:35:06','2018-11-26 15:35:06'),(12,'DELBREUVE','Benjamin','20170937','2-C',1,4,'2018-11-26 15:35:07','2018-11-26 15:35:07'),(13,'DEROSNE','Florentin','20170938','2-B',1,4,'2018-11-26 15:35:07','2018-11-26 15:35:07'),(14,'DUHAUT','Thomas','20170939','2-A',1,4,'2018-11-26 15:35:07','2018-11-26 15:35:07'),(15,'DUMETZ','Joffrey','20170940','2-C',1,4,'2018-11-26 15:35:07','2018-11-26 15:35:07'),(16,'FEVRIER','Tennessee','20170941','2-C',1,4,'2018-11-26 15:35:07','2018-11-26 15:35:07'),(17,'FORGET','Kévin','20170942','2-B',1,4,'2018-11-26 15:35:07','2018-11-26 15:35:07'),(18,'FROISSART','Marie','20170943','2-B',1,4,'2018-11-26 15:35:07','2018-11-26 15:35:07'),(19,'FRUY','Sébastien','20170944','2-B',1,4,'2018-11-26 15:35:07','2018-11-26 15:35:07'),(20,'GEERAERT','Quentin','20170945','2-C',1,4,'2018-11-26 15:35:07','2018-11-26 15:35:07'),(21,'GREMBER','Nicolas','20170946','2-A',1,4,'2018-11-26 15:35:07','2018-11-26 15:35:07'),(22,'HENNAUT','Thibaut','20170947','2-A',1,4,'2018-11-26 15:35:07','2018-11-26 15:35:07'),(23,'KURZAWSKI','Pierre','20170948','2-B',1,4,'2018-11-26 15:35:07','2018-11-26 15:35:07'),(24,'LAMBERSENS','Adrien','20170949','2-B',1,4,'2018-11-26 15:35:08','2018-11-26 15:35:08'),(25,'LE FOLL','Coralie','20170950','2-A',1,4,'2018-11-26 15:35:08','2018-11-26 15:35:08'),(26,'LECHA','Benjamin','20170951','2-C',1,4,'2018-11-26 15:35:08','2018-11-26 15:35:08'),(27,'LEFAIT','Romain','20170952','2-B',1,4,'2018-11-26 15:35:08','2018-11-26 15:35:08'),(28,'LEFEBVRE','Jéremy','20170953','2-B',1,4,'2018-11-26 15:35:08','2018-11-26 15:35:08'),(29,'LEFEBVRE','Kévin','20170954','2-A',1,4,'2018-11-26 15:35:08','2018-11-26 15:35:08'),(30,'LEGRAND','Baptiste','20170955','2-C',1,4,'2018-11-26 15:35:08','2018-11-26 15:35:08'),(31,'LEGRU','Florent','20170956','2-B',1,4,'2018-11-26 15:35:08','2018-11-26 15:35:08'),(32,'LEMAITRE','Valentin','20170957','2-C',1,4,'2018-11-26 15:35:08','2018-11-26 15:35:08'),(33,'LESAFFRE','Romain','20170958','2-A',1,4,'2018-11-26 15:35:08','2018-11-26 15:35:08'),(34,'LETERTRE','Florian','20170959','2-C',1,4,'2018-11-26 15:35:08','2018-11-26 15:35:08'),(35,'LONGOUR','David','20170960','2-A',1,4,'2018-11-26 15:35:09','2018-11-26 15:35:09'),(36,'LOOPE','Giovanni','20170961','2-A',1,4,'2018-11-26 15:35:09','2018-11-26 15:35:09'),(37,'MAERTEN','Nicolas','20170962','2-A',1,4,'2018-11-26 15:35:09','2018-11-26 15:35:09'),(38,'MAILLOT','Maxime','20170963','2-B',1,4,'2018-11-26 15:35:09','2018-11-26 15:35:09'),(39,'MARIE','Louis','20170964','2-A',1,4,'2018-11-26 15:35:09','2018-11-26 15:35:09'),(40,'MARTIN','Alexandre','20170965','2-C',1,4,'2018-11-26 15:35:09','2018-11-26 15:35:09'),(41,'MASSELOT','Romain','20170966','2-A',1,4,'2018-11-26 15:35:09','2018-11-26 15:35:09'),(42,'MERLIN','Anthony','20170967','2-A',1,4,'2018-11-26 15:35:09','2018-11-26 15:35:09'),(43,'PETIT','Chloe','20170968','2-C',1,4,'2018-11-26 15:35:10','2018-11-26 15:35:10'),(44,'POLAN','Geoffrey','20170969','2-A',1,4,'2018-11-26 15:35:10','2018-11-26 15:35:10'),(45,'POUILLY','Gaetan','20170970','2-B',1,4,'2018-11-26 15:35:10','2018-11-26 15:35:10'),(46,'ROLAND','Jeremie','20170971','2-C',1,4,'2018-11-26 15:35:10','2018-11-26 15:35:10'),(47,'ROTTIERS','Theo','20170972','2-B',1,4,'2018-11-26 15:35:10','2018-11-26 15:35:10'),(48,'SACRE','Pierre','20170973','2-B',1,4,'2018-11-26 15:35:10','2018-11-26 15:35:10'),(49,'SCHILLER','Dylan','20170974','2-C',1,4,'2018-11-26 15:35:10','2018-11-26 15:35:10'),(50,'SURET','Kévin','20170975','2-A',1,4,'2018-11-26 15:35:10','2018-11-26 15:35:10'),(51,'SZKARADEK','Thibaud','20170976','2-B',1,4,'2018-11-26 15:35:10','2018-11-26 15:35:10'),(52,'SZYMURA','Alexandre','20170977','2-C',1,4,'2018-11-26 15:35:10','2018-11-26 15:35:10'),(53,'TANG','Frédéric','20170978','2-C',1,4,'2018-11-26 15:35:11','2018-11-26 15:35:11'),(54,'TASSART','Alexandre','20170979','2-B',1,4,'2018-11-26 15:35:11','2018-11-26 15:35:11'),(55,'THERAGE','Lucas','20170980','2-A',1,4,'2018-11-26 15:35:11','2018-11-26 15:35:11'),(56,'THOMAS','Louis','20170981','2-B',1,4,'2018-11-26 15:35:11','2018-11-26 15:35:11'),(57,'VANDEWOORDE','Aymeric','20170982','2-B',1,4,'2018-11-26 15:35:11','2018-11-26 15:35:11'),(58,'VANROY','Julien','20170983','2-A',1,4,'2018-11-26 15:35:11','2018-11-26 15:35:11'),(59,'VELLA','Emanuele','20170984','2-C',1,4,'2018-11-26 15:35:11','2018-11-26 15:35:11'),(60,'VERPOEST','Sylvain','20170985','2-A',1,4,'2018-11-26 15:35:11','2018-11-26 15:35:11'),(61,'WICART','Melvin','20170986','2-B',1,4,'2018-11-26 15:35:11','2018-11-26 15:35:11'),(62,'BAUDELET','Geoffrey','20150926','2-B',1,4,'2018-11-26 15:41:25','2018-11-26 15:41:25'),(63,'BIGARD','Samuel','20150927','2-C',1,4,'2018-11-26 15:41:25','2018-11-26 15:41:25'),(64,'BISSON','Julien','20150928','2-A',1,4,'2018-11-26 15:41:26','2018-11-26 15:41:26'),(65,'BONTE','Nicolas','20150929','2-A',1,4,'2018-11-26 15:41:26','2018-11-26 15:41:26'),(66,'BOULNOIS','Louis','20150930','2-A',1,4,'2018-11-26 15:41:26','2018-11-26 15:41:26'),(67,'CHATELET','Hadrien','20150931','2-B',1,4,'2018-11-26 15:41:26','2018-11-26 15:41:26'),(68,'CLEROT','Jérémy','20150932','2-C',1,4,'2018-11-26 15:41:26','2018-11-26 15:41:26'),(69,'CORNU','Bastien','20150933','2-C',1,4,'2018-11-26 15:41:26','2018-11-26 15:41:26'),(70,'DACHY','Remy','20150934','2-B',1,4,'2018-11-26 15:41:26','2018-11-26 15:41:26'),(71,'DANGLETERRE','Thomas','20150935','2-C',1,4,'2018-11-26 15:41:26','2018-11-26 15:41:26'),(72,'DEBACKER','Thomas','20150936','2-C',1,4,'2018-11-26 15:41:26','2018-11-26 15:41:26'),(73,'DELBREUVE','Benjamin','20150937','2-C',1,4,'2018-11-26 15:41:27','2018-11-26 15:41:27'),(74,'DEROSNE','Florentin','20150938','2-B',1,4,'2018-11-26 15:41:27','2018-11-26 15:41:27'),(75,'DUHAUT','Thomas','20150939','2-A',1,4,'2018-11-26 15:41:27','2018-11-26 15:41:27'),(76,'DUMETZ','Joffrey','20150940','2-C',1,4,'2018-11-26 15:41:27','2018-11-26 15:41:27'),(77,'FEVRIER','Tennessee','20150941','2-C',1,4,'2018-11-26 15:41:27','2018-11-26 15:41:27'),(78,'FORGET','Kévin','20150942','2-B',1,4,'2018-11-26 15:41:27','2018-11-26 15:41:27'),(79,'FROISSART','Marie','20150943','2-B',1,4,'2018-11-26 15:41:27','2018-11-26 15:41:27'),(80,'FRUY','Sébastien','20150944','2-B',1,4,'2018-11-26 15:41:27','2018-11-26 15:41:27'),(81,'GEERAERT','Quentin','20150945','2-C',1,4,'2018-11-26 15:41:27','2018-11-26 15:41:27'),(82,'GREMBER','Nicolas','20150946','2-A',1,4,'2018-11-26 15:41:27','2018-11-26 15:41:27'),(83,'HENNAUT','Thibaut','20150947','2-A',1,4,'2018-11-26 15:41:27','2018-11-26 15:41:27'),(84,'KURZAWSKI','Pierre','20150948','2-B',1,4,'2018-11-26 15:41:28','2018-11-26 15:41:28'),(85,'LAMBERSENS','Adrien','20150949','2-B',1,4,'2018-11-26 15:41:28','2018-11-26 15:41:28'),(86,'LE FOLL','Coralie','20150950','2-A',1,4,'2018-11-26 15:41:28','2018-11-26 15:41:28'),(87,'LECHA','Benjamin','20150951','2-C',1,4,'2018-11-26 15:41:28','2018-11-26 15:41:28'),(88,'LEFAIT','Romain','20150952','2-B',1,4,'2018-11-26 15:41:28','2018-11-26 15:41:28'),(89,'LEFEBVRE','Jéremy','20150953','2-B',1,4,'2018-11-26 15:41:28','2018-11-26 15:41:28'),(90,'LEFEBVRE','Kévin','20150954','2-A',1,4,'2018-11-26 15:41:28','2018-11-26 15:41:28'),(91,'LEGRAND','Baptiste','20150955','2-C',1,4,'2018-11-26 15:41:28','2018-11-26 15:41:28'),(92,'LEGRU','Florent','20150956','2-B',1,4,'2018-11-26 15:41:28','2018-11-26 15:41:28'),(93,'LEMAITRE','Valentin','20150957','2-C',1,4,'2018-11-26 15:41:28','2018-11-26 15:41:28'),(94,'LESAFFRE','Romain','20150958','2-A',1,4,'2018-11-26 15:41:29','2018-11-26 15:41:29'),(95,'LETERTRE','Florian','20150959','2-C',1,4,'2018-11-26 15:41:29','2018-11-26 15:41:29'),(96,'LONGOUR','David','20150960','2-A',1,4,'2018-11-26 15:41:29','2018-11-26 15:41:29'),(97,'LOOPE','Giovanni','20150961','2-A',1,4,'2018-11-26 15:41:29','2018-11-26 15:41:29'),(98,'MAERTEN','Nicolas','20150962','2-A',1,4,'2018-11-26 15:41:29','2018-11-26 15:41:29'),(99,'MAILLOT','Maxime','20150963','2-B',1,4,'2018-11-26 15:41:29','2018-11-26 15:41:29'),(100,'MARIE','Louis','20150964','2-A',1,4,'2018-11-26 15:41:29','2018-11-26 15:41:29'),(101,'MARTIN','Alexandre','20150965','2-C',1,4,'2018-11-26 15:41:29','2018-11-26 15:41:29'),(102,'MASSELOT','Romain','20150966','2-A',1,4,'2018-11-26 15:41:29','2018-11-26 15:41:29'),(103,'MERLIN','Anthony','20150967','2-A',1,4,'2018-11-26 15:41:30','2018-11-26 15:41:30'),(104,'PETIT','Chloe','20150968','2-C',1,4,'2018-11-26 15:41:30','2018-11-26 15:41:30'),(105,'POLAN','Geoffrey','20150969','2-A',1,4,'2018-11-26 15:41:30','2018-11-26 15:41:30'),(106,'POUILLY','Gaetan','20150970','2-B',1,4,'2018-11-26 15:41:30','2018-11-26 15:41:30'),(107,'ROLAND','Jeremie','20150971','2-C',1,4,'2018-11-26 15:41:30','2018-11-26 15:41:30'),(108,'ROTTIERS','Theo','20150972','2-B',1,4,'2018-11-26 15:41:30','2018-11-26 15:41:30'),(109,'SACRE','Pierre','20150973','2-B',1,4,'2018-11-26 15:41:30','2018-11-26 15:41:30'),(110,'SCHILLER','Dylan','20150974','2-C',1,4,'2018-11-26 15:41:30','2018-11-26 15:41:30'),(111,'SURET','Kévin','20150975','2-A',1,4,'2018-11-26 15:41:30','2018-11-26 15:41:30'),(112,'SZKARADEK','Thibaud','20150976','2-B',1,4,'2018-11-26 15:41:30','2018-11-26 15:41:30'),(113,'SZYMURA','Alexandre','20150977','2-C',1,4,'2018-11-26 15:41:31','2018-11-26 15:41:31'),(114,'TANG','Frédéric','20150978','2-C',1,4,'2018-11-26 15:41:31','2018-11-26 15:41:31'),(115,'TASSART','Alexandre','20150979','2-B',1,4,'2018-11-26 15:41:31','2018-11-26 15:41:31'),(116,'THERAGE','Lucas','20150980','2-A',1,4,'2018-11-26 15:41:31','2018-11-26 15:41:31'),(117,'THOMAS','Louis','20150981','2-B',1,4,'2018-11-26 15:41:31','2018-11-26 15:41:31'),(118,'VANDEWOORDE','Aymeric','20150982','2-B',1,4,'2018-11-26 15:41:31','2018-11-26 15:41:31'),(119,'VANROY','Julien','20150983','2-A',1,4,'2018-11-26 15:41:31','2018-11-26 15:41:31'),(120,'VELLA','Emanuele','20150984','2-C',1,4,'2018-11-26 15:41:31','2018-11-26 15:41:31'),(121,'VERPOEST','Sylvain','20150985','2-A',1,4,'2018-11-26 15:41:31','2018-11-26 15:41:31'),(122,'WICART','Melvin','20150986','2-B',1,4,'2018-11-26 15:41:31','2018-11-26 15:41:31');
/*!40000 ALTER TABLE `etudiants` ENABLE KEYS */;
UNLOCK TABLES;

--
-- Table structure for table `formations`
--

DROP TABLE IF EXISTS `formations`;
/*!40101 SET @saved_cs_client     = @@character_set_client */;
 SET character_set_client = utf8mb4 ;
CREATE TABLE `formations` (
  `idFormation` int(10) unsigned NOT NULL AUTO_INCREMENT,
  `nom` varchar(45) COLLATE utf8mb4_unicode_ci NOT NULL,
  `created_at` timestamp NULL DEFAULT NULL,
  `updated_at` timestamp NULL DEFAULT NULL,
  PRIMARY KEY (`idFormation`)
) ENGINE=InnoDB AUTO_INCREMENT=2 DEFAULT CHARSET=utf8mb4 COLLATE=utf8mb4_unicode_ci;
/*!40101 SET character_set_client = @saved_cs_client */;

--
-- Dumping data for table `formations`
--

LOCK TABLES `formations` WRITE;
/*!40000 ALTER TABLE `formations` DISABLE KEYS */;
INSERT INTO `formations` VALUES (1,'DUT Informatique','2018-11-26 15:35:06','2018-11-26 15:35:06');
/*!40000 ALTER TABLE `formations` ENABLE KEYS */;
UNLOCK TABLES;

--
-- Table structure for table `matieres`
--

DROP TABLE IF EXISTS `matieres`;
/*!40101 SET @saved_cs_client     = @@character_set_client */;
 SET character_set_client = utf8mb4 ;
CREATE TABLE `matieres` (
  `idMatiere` int(10) unsigned NOT NULL AUTO_INCREMENT,
  `nom` varchar(150) COLLATE utf8mb4_unicode_ci NOT NULL,
  `ref` char(5) COLLATE utf8mb4_unicode_ci NOT NULL,
  `abreviation` char(10) COLLATE utf8mb4_unicode_ci NOT NULL,
  `coefficient` decimal(8,2) NOT NULL,
  `UE_idUE` int(10) unsigned NOT NULL,
  `created_at` timestamp NULL DEFAULT NULL,
  `updated_at` timestamp NULL DEFAULT NULL,
  PRIMARY KEY (`idMatiere`),
  KEY `matieres_ue_idue_foreign` (`UE_idUE`),
  CONSTRAINT `matieres_ue_idue_foreign` FOREIGN KEY (`UE_idUE`) REFERENCES `u_es` (`idue`)
) ENGINE=InnoDB AUTO_INCREMENT=65 DEFAULT CHARSET=utf8mb4 COLLATE=utf8mb4_unicode_ci;
/*!40101 SET character_set_client = @saved_cs_client */;

--
-- Dumping data for table `matieres`
--

LOCK TABLES `matieres` WRITE;
/*!40000 ALTER TABLE `matieres` DISABLE KEYS */;
INSERT INTO `matieres` VALUES (1,'Introduction aux systèmes informatiques','M1101','SE1',3.50,1,'2018-11-26 15:34:57','2018-11-26 15:34:57'),(2,'Introduction à l\'algorithmique et à la programmation','M1102','AP1',3.50,1,'2018-11-26 15:34:57','2018-11-26 15:34:57'),(3,'Structures de données et algorithmes fondamentaux','M1103','SD1',2.50,1,'2018-11-26 15:34:57','2018-11-26 15:34:57'),(4,'Introduction aux bases de données','M1104','BD1',3.50,1,'2018-11-26 15:34:57','2018-11-26 15:34:57'),(5,'Conception de documents et d’interfaces numériques','M1105','CDIN',2.50,1,'2018-11-26 15:34:57','2018-11-26 15:34:57'),(6,'Projet tutoré – Découverte','M1106','PT1',1.50,1,'2018-11-26 15:34:57','2018-11-26 15:34:57'),(7,'Mathématiques discrètes','M1201','MD',2.50,2,'2018-11-26 15:34:57','2018-11-26 15:34:57'),(8,'Algèbre linéaire','M1202','ALG',2.00,2,'2018-11-26 15:34:57','2018-11-26 15:34:57'),(9,'Environnement économique','M1203','EE',1.50,2,'2018-11-26 15:34:58','2018-11-26 15:34:58'),(10,'Fonctionnement des organisations','M1204','ORGA',2.50,2,'2018-11-26 15:34:58','2018-11-26 15:34:58'),(11,'Expression-Communication-Fondamentaux de la communication','M1205','FCOM',2.00,2,'2018-11-26 15:34:58','2018-11-26 15:34:58'),(12,'Anglais et Informatique','M1206','AI',1.50,2,'2018-11-26 15:34:58','2018-11-26 15:34:58'),(13,'PPP – Connaître le monde professionnel','M1207','PPP',1.00,2,'2018-11-26 15:34:58','2018-11-26 15:34:58'),(14,'Architecture et programmation des mécanismes de base d’un système informatique','M2101','SE-2',1.50,3,'2018-11-26 15:34:58','2018-11-26 15:34:58'),(15,'Architecture des réseaux','M2102','RX-1',1.50,3,'2018-11-26 15:34:59','2018-11-26 15:34:59'),(16,'Bases de la programmation orientée objet','M2103','POO-1',3.50,3,'2018-11-26 15:34:59','2018-11-26 15:34:59'),(17,'Bases de la conception orientée objet','M2104','COO-1',2.50,3,'2018-11-26 15:34:59','2018-11-26 15:34:59'),(18,'Introduction aux IHM','M2105','IHM-1',2.50,3,'2018-11-26 15:34:59','2018-11-26 15:34:59'),(19,'Programmation et administration des bases de données','M2106','BD-2',2.50,3,'2018-11-26 15:34:59','2018-11-26 15:34:59'),(20,'Projet tutoré – Description et planification de projet','M2107','PT-2',2.00,3,'2018-11-26 15:34:59','2018-11-26 15:34:59'),(21,'Graphes et langages','M2201','GL',2.50,4,'2018-11-26 15:34:59','2018-11-26 15:34:59'),(22,'Analyse et méthodes numériques','M2202','AMN',2.00,4,'2018-11-26 15:35:00','2018-11-26 15:35:00'),(23,'Environnement comptable, financier, juridique et social','M2203','Compta',3.00,4,'2018-11-26 15:35:00','2018-11-26 15:35:00'),(24,'Gestion de projet informatique','M2204','GPI',1.50,4,'2018-11-26 15:35:00','2018-11-26 15:35:00'),(25,'Expression-Communication, information et argumentation','M2205','Com',1.50,4,'2018-11-26 15:35:00','2018-11-26 15:35:00'),(26,'Communiquer en anglais','M2206','comAng',2.50,4,'2018-11-26 15:35:00','2018-11-26 15:35:00'),(27,'PPP – Identifier ses compétences','M2207','PPP',1.00,4,'2018-11-26 15:35:00','2018-11-26 15:35:00'),(28,'Principes des systèmes d\'exploitation','M3101','SE-3',2.50,5,'2018-11-26 15:35:01','2018-11-26 15:35:01'),(29,'Services réseaux','M3102','RX-2',1.50,5,'2018-11-26 15:35:01','2018-11-26 15:35:01'),(30,'Algorithmique avancée','M3103','APA',1.50,5,'2018-11-26 15:35:01','2018-11-26 15:35:01'),(31,'Programmation Web côté serveur','M3104','Pweb-1',2.50,5,'2018-11-26 15:35:01','2018-11-26 15:35:01'),(32,'Conception et programmation objet avancées','M3105','CPA',2.50,5,'2018-11-26 15:35:01','2018-11-26 15:35:01'),(33,'Bases de données avancées','M3106','BDA',1.50,5,'2018-11-26 15:35:01','2018-11-26 15:35:01'),(34,'Probabilités et statistiques','M3201','Proba',2.50,6,'2018-11-26 15:35:01','2018-11-26 15:35:01'),(35,'Modélisations mathématiques','M3202','ModMath',1.50,6,'2018-11-26 15:35:01','2018-11-26 15:35:01'),(36,'Droit des technologies de l’information et de la communication (TIC)','M3203','Droit',1.50,6,'2018-11-26 15:35:02','2018-11-26 15:35:02'),(37,'Gestion des systèmes d\'information','M3204','GSI',2.50,6,'2018-11-26 15:35:02','2018-11-26 15:35:02'),(38,'Expression-Communication – Communication professionnelle','M3205','Com',1.50,6,'2018-11-26 15:35:02','2018-11-26 15:35:02'),(39,'Collaborer en anglais','M3206','Ang-3',2.50,6,'2018-11-26 15:35:02','2018-11-26 15:35:02'),(40,'Méthodologie de la production d’applications','M3301','ProdApp',3.00,7,'2018-11-26 15:35:02','2018-11-26 15:35:02'),(41,'Projet tutoré – Mise en situation professionnelle','M3302','PT-3',2.00,7,'2018-11-26 15:35:02','2018-11-26 15:35:02'),(42,'PPP – Préciser son projet','M3303','PPP-3',1.00,7,'2018-11-26 15:35:02','2018-11-26 15:35:02'),(43,'Administration système et réseau','M4101','AdmSR',1.50,8,'2018-11-26 15:35:03','2018-11-26 15:35:03'),(44,'Programmation répartie','M4102','ProgRep',1.50,8,'2018-11-26 15:35:03','2018-11-26 15:35:03'),(45,'Programmation Web - client riche ','M4103','Pweb-2',1.50,8,'2018-11-26 15:35:03','2018-11-26 15:35:03'),(46,'Conception et développement d\'applications mobiles','M4104','ProgMobile',1.50,8,'2018-11-26 15:35:03','2018-11-26 15:35:03'),(47,'Compléments d\'informatique en vue d\'une insertion immédiate (architecture logicielle)','M4105','ArchiLog',1.50,8,'2018-11-26 15:35:03','2018-11-26 15:35:03'),(48,'Projet tutoré - Compléments (60h travail perso)','M4106','PT',2.50,8,'2018-11-26 15:35:03','2018-11-26 15:35:03'),(49,'Ateliers de création d\'entreprise','M4201','Atelier',2.00,9,'2018-11-26 15:35:04','2018-11-26 15:35:04'),(50,'Recherche opérationnelle et aide à la décision','M4202','RO',2.00,9,'2018-11-26 15:35:04','2018-11-26 15:35:04'),(51,'Expression - communication - Communiquer dans les organisations ','M4203','Com',2.00,9,'2018-11-26 15:35:04','2018-11-26 15:35:04'),(52,'Travailler en anglais','M4204','Ang',2.00,9,'2018-11-26 15:35:04','2018-11-26 15:35:04'),(53,'Stage Professionnel','M4301','Stage',12.00,10,'2018-11-26 15:35:04','2018-11-26 15:35:04'),(54,'Programmation Web - client riche','M4103','Pweb-2',1.50,11,'2018-11-26 15:35:04','2018-11-26 15:35:04'),(55,'Paradigmes de programmation','OS03','PFL',1.50,11,'2018-11-26 15:35:05','2018-11-26 15:35:05'),(56,'Conception et développement d\'applications mobiles','M4104','ProgMobile',1.50,11,'2018-11-26 15:35:05','2018-11-26 15:35:05'),(57,'Compléments d\'alogrithmique','OS06','CompAlgo',1.50,11,'2018-11-26 15:35:05','2018-11-26 15:35:05'),(58,'Compléments d\'architecture logicielle','OS11','ArchiLog',1.50,11,'2018-11-26 15:35:05','2018-11-26 15:35:05'),(59,'Projet tutoré - Compléments (60h de travail perso)','M4106','PT',2.50,11,'2018-11-26 15:35:05','2018-11-26 15:35:05'),(60,'Compléments de mathématiques','OS07','comMath',2.00,12,'2018-11-26 15:35:05','2018-11-26 15:35:05'),(61,'Recherche opérationnelle et aide à la décision','M4202','RO',2.00,12,'2018-11-26 15:35:05','2018-11-26 15:35:05'),(62,'Expression - communication -Communiquer dans les organisations','M4203','Com',2.00,12,'2018-11-26 15:35:05','2018-11-26 15:35:05'),(63,'Travailler en anglais','M4204','Ang',2.00,12,'2018-11-26 15:35:05','2018-11-26 15:35:05'),(64,'Stage professionnel','M4301','Stage',12.00,13,'2018-11-26 15:35:05','2018-11-26 15:35:05');
/*!40000 ALTER TABLE `matieres` ENABLE KEYS */;
UNLOCK TABLES;

--
-- Table structure for table `migrations`
--

DROP TABLE IF EXISTS `migrations`;
/*!40101 SET @saved_cs_client     = @@character_set_client */;
 SET character_set_client = utf8mb4 ;
CREATE TABLE `migrations` (
  `id` int(10) unsigned NOT NULL AUTO_INCREMENT,
  `migration` varchar(255) COLLATE utf8mb4_unicode_ci NOT NULL,
  `batch` int(11) NOT NULL,
  PRIMARY KEY (`id`)
) ENGINE=InnoDB AUTO_INCREMENT=92 DEFAULT CHARSET=utf8mb4 COLLATE=utf8mb4_unicode_ci;
/*!40101 SET character_set_client = @saved_cs_client */;

--
-- Dumping data for table `migrations`
--

LOCK TABLES `migrations` WRITE;
/*!40000 ALTER TABLE `migrations` DISABLE KEYS */;
INSERT INTO `migrations` VALUES (79,'2014_10_12_000000_create_users_table',1),(80,'2014_10_12_100000_create_password_resets_table',1),(81,'2018_10_03_120000_create_semestres_table',1),(82,'2018_10_03_133927_create_formations_table',1),(83,'2018_10_03_140000_create_etudiants_table',1),(84,'2018_10_03_140005_create_diplomes_table',1),(85,'2018_10_03_142410_create_photos_table',1),(86,'2018_10_03_142639_create_u_es_table',1),(87,'2018_10_03_142641_create_absences_table',1),(88,'2018_10_03_142645_create_matieres_table',1),(89,'2018_10_03_143140_create_notes_table',1),(90,'2018_10_03_144710_create_decision_semestres_table',1),(91,'2018_10_03_145718_create_decision_u_es_table',1);
/*!40000 ALTER TABLE `migrations` ENABLE KEYS */;
UNLOCK TABLES;

--
-- Table structure for table `notes`
--

DROP TABLE IF EXISTS `notes`;
/*!40101 SET @saved_cs_client     = @@character_set_client */;
 SET character_set_client = utf8mb4 ;
CREATE TABLE `notes` (
  `idNote` int(10) unsigned NOT NULL AUTO_INCREMENT,
  `note` decimal(4,2) NOT NULL,
  `Etudiant_idEtudiant` int(10) unsigned NOT NULL,
  `Matiere_idMatiere` int(10) unsigned NOT NULL,
  `created_at` timestamp NULL DEFAULT NULL,
  `updated_at` timestamp NULL DEFAULT NULL,
  PRIMARY KEY (`idNote`),
  KEY `notes_etudiant_idetudiant_foreign` (`Etudiant_idEtudiant`),
  KEY `notes_matiere_idmatiere_foreign` (`Matiere_idMatiere`),
  CONSTRAINT `notes_etudiant_idetudiant_foreign` FOREIGN KEY (`Etudiant_idEtudiant`) REFERENCES `etudiants` (`idetudiant`),
  CONSTRAINT `notes_matiere_idmatiere_foreign` FOREIGN KEY (`Matiere_idMatiere`) REFERENCES `matieres` (`idmatiere`)
) ENGINE=InnoDB AUTO_INCREMENT=2380 DEFAULT CHARSET=utf8mb4 COLLATE=utf8mb4_unicode_ci;
/*!40101 SET character_set_client = @saved_cs_client */;

--
-- Dumping data for table `notes`
--

LOCK TABLES `notes` WRITE;
/*!40000 ALTER TABLE `notes` DISABLE KEYS */;
INSERT INTO `notes` VALUES (1,15.00,62,14,'2018-11-26 15:41:43','2018-11-26 15:41:43'),(2,18.00,63,14,'2018-11-26 15:41:43','2018-11-26 15:41:43'),(3,5.00,64,14,'2018-11-26 15:41:44','2018-11-26 15:41:44'),(4,18.00,65,14,'2018-11-26 15:41:44','2018-11-26 15:41:44'),(5,15.00,66,14,'2018-11-26 15:41:44','2018-11-26 15:41:44'),(6,20.00,67,14,'2018-11-26 15:41:44','2018-11-26 15:41:44'),(7,16.00,68,14,'2018-11-26 15:41:44','2018-11-26 15:41:44'),(8,18.00,69,14,'2018-11-26 15:41:44','2018-11-26 15:41:44'),(9,12.00,70,14,'2018-11-26 15:41:44','2018-11-26 15:41:44'),(10,9.00,71,14,'2018-11-26 15:41:44','2018-11-26 15:41:44'),(11,18.00,72,14,'2018-11-26 15:41:44','2018-11-26 15:41:44'),(12,15.00,73,14,'2018-11-26 15:41:44','2018-11-26 15:41:44'),(13,18.00,74,14,'2018-11-26 15:41:44','2018-11-26 15:41:44'),(14,13.00,75,14,'2018-11-26 15:41:44','2018-11-26 15:41:44'),(15,18.00,76,14,'2018-11-26 15:41:44','2018-11-26 15:41:44'),(16,18.00,77,14,'2018-11-26 15:41:44','2018-11-26 15:41:44'),(17,5.00,78,14,'2018-11-26 15:41:45','2018-11-26 15:41:45'),(18,13.00,79,14,'2018-11-26 15:41:45','2018-11-26 15:41:45'),(19,17.00,80,14,'2018-11-26 15:41:45','2018-11-26 15:41:45'),(20,17.00,81,14,'2018-11-26 15:41:45','2018-11-26 15:41:45'),(21,18.00,82,14,'2018-11-26 15:41:45','2018-11-26 15:41:45'),(22,11.00,83,14,'2018-11-26 15:41:45','2018-11-26 15:41:45'),(23,19.00,84,14,'2018-11-26 15:41:45','2018-11-26 15:41:45'),(24,10.00,85,14,'2018-11-26 15:41:45','2018-11-26 15:41:45'),(25,16.00,86,14,'2018-11-26 15:41:45','2018-11-26 15:41:45'),(26,20.00,87,14,'2018-11-26 15:41:45','2018-11-26 15:41:45'),(27,13.00,88,14,'2018-11-26 15:41:45','2018-11-26 15:41:45'),(28,18.00,89,14,'2018-11-26 15:41:45','2018-11-26 15:41:45'),(29,14.00,90,14,'2018-11-26 15:41:46','2018-11-26 15:41:46'),(30,11.00,91,14,'2018-11-26 15:41:46','2018-11-26 15:41:46'),(31,5.00,92,14,'2018-11-26 15:41:46','2018-11-26 15:41:46'),(32,19.00,93,14,'2018-11-26 15:41:46','2018-11-26 15:41:46'),(33,14.00,94,14,'2018-11-26 15:41:46','2018-11-26 15:41:46'),(34,9.00,95,14,'2018-11-26 15:41:46','2018-11-26 15:41:46'),(35,18.00,96,14,'2018-11-26 15:41:46','2018-11-26 15:41:46'),(36,19.00,97,14,'2018-11-26 15:41:46','2018-11-26 15:41:46'),(37,9.00,98,14,'2018-11-26 15:41:46','2018-11-26 15:41:46'),(38,19.00,99,14,'2018-11-26 15:41:46','2018-11-26 15:41:46'),(39,11.00,100,14,'2018-11-26 15:41:46','2018-11-26 15:41:46'),(40,14.00,101,14,'2018-11-26 15:41:46','2018-11-26 15:41:46'),(41,17.00,102,14,'2018-11-26 15:41:46','2018-11-26 15:41:46'),(42,9.00,103,14,'2018-11-26 15:41:47','2018-11-26 15:41:47'),(43,18.00,104,14,'2018-11-26 15:41:47','2018-11-26 15:41:47'),(44,19.00,105,14,'2018-11-26 15:41:47','2018-11-26 15:41:47'),(45,8.00,106,14,'2018-11-26 15:41:47','2018-11-26 15:41:47'),(46,8.00,107,14,'2018-11-26 15:41:47','2018-11-26 15:41:47'),(47,8.00,108,14,'2018-11-26 15:41:47','2018-11-26 15:41:47'),(48,20.00,109,14,'2018-11-26 15:41:47','2018-11-26 15:41:47'),(49,16.00,110,14,'2018-11-26 15:41:48','2018-11-26 15:41:48'),(50,5.00,111,14,'2018-11-26 15:41:48','2018-11-26 15:41:48'),(51,15.00,112,14,'2018-11-26 15:41:48','2018-11-26 15:41:48'),(52,9.00,113,14,'2018-11-26 15:41:48','2018-11-26 15:41:48'),(53,14.00,114,14,'2018-11-26 15:41:48','2018-11-26 15:41:48'),(54,13.00,115,14,'2018-11-26 15:41:48','2018-11-26 15:41:48'),(55,10.00,116,14,'2018-11-26 15:41:48','2018-11-26 15:41:48'),(56,7.00,117,14,'2018-11-26 15:41:48','2018-11-26 15:41:48'),(57,20.00,118,14,'2018-11-26 15:41:48','2018-11-26 15:41:48'),(58,18.00,119,14,'2018-11-26 15:41:48','2018-11-26 15:41:48'),(59,16.00,120,14,'2018-11-26 15:41:48','2018-11-26 15:41:48'),(60,5.00,121,14,'2018-11-26 15:41:48','2018-11-26 15:41:48'),(61,16.00,122,14,'2018-11-26 15:41:49','2018-11-26 15:41:49'),(62,10.00,62,15,'2018-11-26 15:41:49','2018-11-26 15:41:49'),(63,12.00,63,15,'2018-11-26 15:41:49','2018-11-26 15:41:49'),(64,6.00,64,15,'2018-11-26 15:41:49','2018-11-26 15:41:49'),(65,11.00,65,15,'2018-11-26 15:41:49','2018-11-26 15:41:49'),(66,11.00,66,15,'2018-11-26 15:41:49','2018-11-26 15:41:49'),(67,11.00,67,15,'2018-11-26 15:41:49','2018-11-26 15:41:49'),(68,14.00,68,15,'2018-11-26 15:41:49','2018-11-26 15:41:49'),(69,8.00,69,15,'2018-11-26 15:41:49','2018-11-26 15:41:49'),(70,20.00,70,15,'2018-11-26 15:41:49','2018-11-26 15:41:49'),(71,5.00,71,15,'2018-11-26 15:41:50','2018-11-26 15:41:50'),(72,7.00,72,15,'2018-11-26 15:41:50','2018-11-26 15:41:50'),(73,19.00,73,15,'2018-11-26 15:41:50','2018-11-26 15:41:50'),(74,8.00,74,15,'2018-11-26 15:41:50','2018-11-26 15:41:50'),(75,13.00,75,15,'2018-11-26 15:41:50','2018-11-26 15:41:50'),(76,19.00,76,15,'2018-11-26 15:41:50','2018-11-26 15:41:50'),(77,11.00,77,15,'2018-11-26 15:41:50','2018-11-26 15:41:50'),(78,16.00,78,15,'2018-11-26 15:41:50','2018-11-26 15:41:50'),(79,12.00,79,15,'2018-11-26 15:41:50','2018-11-26 15:41:50'),(80,15.00,80,15,'2018-11-26 15:41:50','2018-11-26 15:41:50'),(81,9.00,81,15,'2018-11-26 15:41:51','2018-11-26 15:41:51'),(82,17.00,82,15,'2018-11-26 15:41:51','2018-11-26 15:41:51'),(83,20.00,83,15,'2018-11-26 15:41:51','2018-11-26 15:41:51'),(84,12.00,84,15,'2018-11-26 15:41:51','2018-11-26 15:41:51'),(85,14.00,85,15,'2018-11-26 15:41:51','2018-11-26 15:41:51'),(86,6.00,86,15,'2018-11-26 15:41:51','2018-11-26 15:41:51'),(87,19.00,87,15,'2018-11-26 15:41:51','2018-11-26 15:41:51'),(88,12.00,88,15,'2018-11-26 15:41:51','2018-11-26 15:41:51'),(89,5.00,89,15,'2018-11-26 15:41:51','2018-11-26 15:41:51'),(90,15.00,90,15,'2018-11-26 15:41:51','2018-11-26 15:41:51'),(91,13.00,91,15,'2018-11-26 15:41:51','2018-11-26 15:41:51'),(92,6.00,92,15,'2018-11-26 15:41:52','2018-11-26 15:41:52'),(93,14.00,93,15,'2018-11-26 15:41:52','2018-11-26 15:41:52'),(94,17.00,94,15,'2018-11-26 15:41:52','2018-11-26 15:41:52'),(95,14.00,95,15,'2018-11-26 15:41:52','2018-11-26 15:41:52'),(96,8.00,96,15,'2018-11-26 15:41:52','2018-11-26 15:41:52'),(97,10.00,97,15,'2018-11-26 15:41:52','2018-11-26 15:41:52'),(98,13.00,98,15,'2018-11-26 15:41:52','2018-11-26 15:41:52'),(99,19.00,99,15,'2018-11-26 15:41:52','2018-11-26 15:41:52'),(100,9.00,100,15,'2018-11-26 15:41:52','2018-11-26 15:41:52'),(101,19.00,101,15,'2018-11-26 15:41:52','2018-11-26 15:41:52'),(102,13.00,102,15,'2018-11-26 15:41:52','2018-11-26 15:41:52'),(103,19.00,103,15,'2018-11-26 15:41:52','2018-11-26 15:41:52'),(104,19.00,104,15,'2018-11-26 15:41:53','2018-11-26 15:41:53'),(105,13.00,105,15,'2018-11-26 15:41:53','2018-11-26 15:41:53'),(106,8.00,106,15,'2018-11-26 15:41:53','2018-11-26 15:41:53'),(107,17.00,107,15,'2018-11-26 15:41:53','2018-11-26 15:41:53'),(108,13.00,108,15,'2018-11-26 15:41:53','2018-11-26 15:41:53'),(109,20.00,109,15,'2018-11-26 15:41:53','2018-11-26 15:41:53'),(110,20.00,110,15,'2018-11-26 15:41:53','2018-11-26 15:41:53'),(111,20.00,111,15,'2018-11-26 15:41:53','2018-11-26 15:41:53'),(112,18.00,112,15,'2018-11-26 15:41:53','2018-11-26 15:41:53'),(113,16.00,113,15,'2018-11-26 15:41:53','2018-11-26 15:41:53'),(114,9.00,114,15,'2018-11-26 15:41:53','2018-11-26 15:41:53'),(115,20.00,115,15,'2018-11-26 15:41:53','2018-11-26 15:41:53'),(116,20.00,116,15,'2018-11-26 15:41:53','2018-11-26 15:41:53'),(117,19.00,117,15,'2018-11-26 15:41:54','2018-11-26 15:41:54'),(118,6.00,118,15,'2018-11-26 15:41:54','2018-11-26 15:41:54'),(119,20.00,119,15,'2018-11-26 15:41:54','2018-11-26 15:41:54'),(120,9.00,120,15,'2018-11-26 15:41:54','2018-11-26 15:41:54'),(121,17.00,121,15,'2018-11-26 15:41:54','2018-11-26 15:41:54'),(122,10.00,122,15,'2018-11-26 15:41:54','2018-11-26 15:41:54'),(123,5.00,62,16,'2018-11-26 15:41:54','2018-11-26 15:41:54'),(124,7.00,63,16,'2018-11-26 15:41:54','2018-11-26 15:41:54'),(125,14.00,64,16,'2018-11-26 15:41:54','2018-11-26 15:41:54'),(126,7.00,65,16,'2018-11-26 15:41:54','2018-11-26 15:41:54'),(127,20.00,66,16,'2018-11-26 15:41:54','2018-11-26 15:41:54'),(128,13.00,67,16,'2018-11-26 15:41:55','2018-11-26 15:41:55'),(129,11.00,68,16,'2018-11-26 15:41:55','2018-11-26 15:41:55'),(130,8.00,69,16,'2018-11-26 15:41:55','2018-11-26 15:41:55'),(131,7.00,70,16,'2018-11-26 15:41:55','2018-11-26 15:41:55'),(132,14.00,71,16,'2018-11-26 15:41:55','2018-11-26 15:41:55'),(133,15.00,72,16,'2018-11-26 15:41:55','2018-11-26 15:41:55'),(134,11.00,73,16,'2018-11-26 15:41:55','2018-11-26 15:41:55'),(135,13.00,74,16,'2018-11-26 15:41:55','2018-11-26 15:41:55'),(136,16.00,75,16,'2018-11-26 15:41:55','2018-11-26 15:41:55'),(137,20.00,76,16,'2018-11-26 15:41:55','2018-11-26 15:41:55'),(138,11.00,77,16,'2018-11-26 15:41:55','2018-11-26 15:41:55'),(139,5.00,78,16,'2018-11-26 15:41:55','2018-11-26 15:41:55'),(140,10.00,79,16,'2018-11-26 15:41:55','2018-11-26 15:41:55'),(141,18.00,80,16,'2018-11-26 15:41:55','2018-11-26 15:41:55'),(142,7.00,81,16,'2018-11-26 15:41:55','2018-11-26 15:41:55'),(143,14.00,82,16,'2018-11-26 15:41:55','2018-11-26 15:41:55'),(144,12.00,83,16,'2018-11-26 15:41:55','2018-11-26 15:41:55'),(145,17.00,84,16,'2018-11-26 15:41:56','2018-11-26 15:41:56'),(146,14.00,85,16,'2018-11-26 15:41:56','2018-11-26 15:41:56'),(147,10.00,86,16,'2018-11-26 15:41:56','2018-11-26 15:41:56'),(148,10.00,87,16,'2018-11-26 15:41:56','2018-11-26 15:41:56'),(149,9.00,88,16,'2018-11-26 15:41:56','2018-11-26 15:41:56'),(150,10.00,89,16,'2018-11-26 15:41:56','2018-11-26 15:41:56'),(151,18.00,90,16,'2018-11-26 15:41:56','2018-11-26 15:41:56'),(152,11.00,91,16,'2018-11-26 15:41:56','2018-11-26 15:41:56'),(153,5.00,92,16,'2018-11-26 15:41:56','2018-11-26 15:41:56'),(154,9.00,93,16,'2018-11-26 15:41:56','2018-11-26 15:41:56'),(155,16.00,94,16,'2018-11-26 15:41:56','2018-11-26 15:41:56'),(156,14.00,95,16,'2018-11-26 15:41:56','2018-11-26 15:41:56'),(157,9.00,96,16,'2018-11-26 15:41:56','2018-11-26 15:41:56'),(158,9.00,97,16,'2018-11-26 15:41:56','2018-11-26 15:41:56'),(159,5.00,98,16,'2018-11-26 15:41:57','2018-11-26 15:41:57'),(160,5.00,99,16,'2018-11-26 15:41:57','2018-11-26 15:41:57'),(161,9.00,100,16,'2018-11-26 15:41:57','2018-11-26 15:41:57'),(162,11.00,101,16,'2018-11-26 15:41:57','2018-11-26 15:41:57'),(163,15.00,102,16,'2018-11-26 15:41:57','2018-11-26 15:41:57'),(164,18.00,103,16,'2018-11-26 15:41:57','2018-11-26 15:41:57'),(165,12.00,104,16,'2018-11-26 15:41:57','2018-11-26 15:41:57'),(166,19.00,105,16,'2018-11-26 15:41:57','2018-11-26 15:41:57'),(167,12.00,106,16,'2018-11-26 15:41:57','2018-11-26 15:41:57'),(168,12.00,107,16,'2018-11-26 15:41:57','2018-11-26 15:41:57'),(169,16.00,108,16,'2018-11-26 15:41:57','2018-11-26 15:41:57'),(170,13.00,109,16,'2018-11-26 15:41:57','2018-11-26 15:41:57'),(171,10.00,110,16,'2018-11-26 15:41:57','2018-11-26 15:41:57'),(172,11.00,111,16,'2018-11-26 15:41:58','2018-11-26 15:41:58'),(173,6.00,112,16,'2018-11-26 15:41:58','2018-11-26 15:41:58'),(174,9.00,113,16,'2018-11-26 15:41:58','2018-11-26 15:41:58'),(175,11.00,114,16,'2018-11-26 15:41:58','2018-11-26 15:41:58'),(176,13.00,115,16,'2018-11-26 15:41:58','2018-11-26 15:41:58'),(177,11.00,116,16,'2018-11-26 15:41:58','2018-11-26 15:41:58'),(178,11.00,117,16,'2018-11-26 15:41:58','2018-11-26 15:41:58'),(179,20.00,118,16,'2018-11-26 15:41:58','2018-11-26 15:41:58'),(180,13.00,119,16,'2018-11-26 15:41:58','2018-11-26 15:41:58'),(181,10.00,120,16,'2018-11-26 15:41:58','2018-11-26 15:41:58'),(182,20.00,121,16,'2018-11-26 15:41:58','2018-11-26 15:41:58'),(183,13.00,122,16,'2018-11-26 15:41:58','2018-11-26 15:41:58'),(184,19.00,62,17,'2018-11-26 15:41:58','2018-11-26 15:41:58'),(185,12.00,63,17,'2018-11-26 15:41:59','2018-11-26 15:41:59'),(186,8.00,64,17,'2018-11-26 15:41:59','2018-11-26 15:41:59'),(187,11.00,65,17,'2018-11-26 15:41:59','2018-11-26 15:41:59'),(188,10.00,66,17,'2018-11-26 15:41:59','2018-11-26 15:41:59'),(189,6.00,67,17,'2018-11-26 15:41:59','2018-11-26 15:41:59'),(190,7.00,68,17,'2018-11-26 15:41:59','2018-11-26 15:41:59'),(191,10.00,69,17,'2018-11-26 15:41:59','2018-11-26 15:41:59'),(192,14.00,70,17,'2018-11-26 15:41:59','2018-11-26 15:41:59'),(193,18.00,71,17,'2018-11-26 15:41:59','2018-11-26 15:41:59'),(194,11.00,72,17,'2018-11-26 15:41:59','2018-11-26 15:41:59'),(195,6.00,73,17,'2018-11-26 15:41:59','2018-11-26 15:41:59'),(196,11.00,74,17,'2018-11-26 15:41:59','2018-11-26 15:41:59'),(197,17.00,75,17,'2018-11-26 15:41:59','2018-11-26 15:41:59'),(198,10.00,76,17,'2018-11-26 15:41:59','2018-11-26 15:41:59'),(199,18.00,77,17,'2018-11-26 15:42:00','2018-11-26 15:42:00'),(200,16.00,78,17,'2018-11-26 15:42:00','2018-11-26 15:42:00'),(201,20.00,79,17,'2018-11-26 15:42:00','2018-11-26 15:42:00'),(202,15.00,80,17,'2018-11-26 15:42:00','2018-11-26 15:42:00'),(203,12.00,81,17,'2018-11-26 15:42:00','2018-11-26 15:42:00'),(204,18.00,82,17,'2018-11-26 15:42:00','2018-11-26 15:42:00'),(205,8.00,83,17,'2018-11-26 15:42:00','2018-11-26 15:42:00'),(206,6.00,84,17,'2018-11-26 15:42:00','2018-11-26 15:42:00'),(207,15.00,85,17,'2018-11-26 15:42:00','2018-11-26 15:42:00'),(208,19.00,86,17,'2018-11-26 15:42:00','2018-11-26 15:42:00'),(209,11.00,87,17,'2018-11-26 15:42:00','2018-11-26 15:42:00'),(210,8.00,88,17,'2018-11-26 15:42:00','2018-11-26 15:42:00'),(211,14.00,89,17,'2018-11-26 15:42:01','2018-11-26 15:42:01'),(212,5.00,90,17,'2018-11-26 15:42:01','2018-11-26 15:42:01'),(213,19.00,91,17,'2018-11-26 15:42:01','2018-11-26 15:42:01'),(214,9.00,92,17,'2018-11-26 15:42:01','2018-11-26 15:42:01'),(215,5.00,93,17,'2018-11-26 15:42:01','2018-11-26 15:42:01'),(216,16.00,94,17,'2018-11-26 15:42:01','2018-11-26 15:42:01'),(217,16.00,95,17,'2018-11-26 15:42:01','2018-11-26 15:42:01'),(218,15.00,96,17,'2018-11-26 15:42:01','2018-11-26 15:42:01'),(219,13.00,97,17,'2018-11-26 15:42:01','2018-11-26 15:42:01'),(220,18.00,98,17,'2018-11-26 15:42:01','2018-11-26 15:42:01'),(221,12.00,99,17,'2018-11-26 15:42:02','2018-11-26 15:42:02'),(222,10.00,100,17,'2018-11-26 15:42:02','2018-11-26 15:42:02'),(223,13.00,101,17,'2018-11-26 15:42:02','2018-11-26 15:42:02'),(224,19.00,102,17,'2018-11-26 15:42:02','2018-11-26 15:42:02'),(225,8.00,103,17,'2018-11-26 15:42:02','2018-11-26 15:42:02'),(226,8.00,104,17,'2018-11-26 15:42:02','2018-11-26 15:42:02'),(227,14.00,105,17,'2018-11-26 15:42:02','2018-11-26 15:42:02'),(228,11.00,106,17,'2018-11-26 15:42:02','2018-11-26 15:42:02'),(229,18.00,107,17,'2018-11-26 15:42:02','2018-11-26 15:42:02'),(230,14.00,108,17,'2018-11-26 15:42:02','2018-11-26 15:42:02'),(231,9.00,109,17,'2018-11-26 15:42:02','2018-11-26 15:42:02'),(232,9.00,110,17,'2018-11-26 15:42:02','2018-11-26 15:42:02'),(233,8.00,111,17,'2018-11-26 15:42:03','2018-11-26 15:42:03'),(234,11.00,112,17,'2018-11-26 15:42:03','2018-11-26 15:42:03'),(235,17.00,113,17,'2018-11-26 15:42:03','2018-11-26 15:42:03'),(236,18.00,114,17,'2018-11-26 15:42:03','2018-11-26 15:42:03'),(237,8.00,115,17,'2018-11-26 15:42:03','2018-11-26 15:42:03'),(238,12.00,116,17,'2018-11-26 15:42:03','2018-11-26 15:42:03'),(239,7.00,117,17,'2018-11-26 15:42:03','2018-11-26 15:42:03'),(240,9.00,118,17,'2018-11-26 15:42:03','2018-11-26 15:42:03'),(241,15.00,119,17,'2018-11-26 15:42:03','2018-11-26 15:42:03'),(242,19.00,120,17,'2018-11-26 15:42:03','2018-11-26 15:42:03'),(243,10.00,121,17,'2018-11-26 15:42:03','2018-11-26 15:42:03'),(244,8.00,122,17,'2018-11-26 15:42:03','2018-11-26 15:42:03'),(245,13.00,62,18,'2018-11-26 15:42:04','2018-11-26 15:42:04'),(246,14.00,63,18,'2018-11-26 15:42:04','2018-11-26 15:42:04'),(247,11.00,64,18,'2018-11-26 15:42:04','2018-11-26 15:42:04'),(248,9.00,65,18,'2018-11-26 15:42:04','2018-11-26 15:42:04'),(249,11.00,66,18,'2018-11-26 15:42:04','2018-11-26 15:42:04'),(250,13.00,67,18,'2018-11-26 15:42:04','2018-11-26 15:42:04'),(251,13.00,68,18,'2018-11-26 15:42:04','2018-11-26 15:42:04'),(252,11.00,69,18,'2018-11-26 15:42:04','2018-11-26 15:42:04'),(253,10.00,70,18,'2018-11-26 15:42:04','2018-11-26 15:42:04'),(254,13.00,71,18,'2018-11-26 15:42:04','2018-11-26 15:42:04'),(255,11.00,72,18,'2018-11-26 15:42:04','2018-11-26 15:42:04'),(256,16.00,73,18,'2018-11-26 15:42:04','2018-11-26 15:42:04'),(257,17.00,74,18,'2018-11-26 15:42:04','2018-11-26 15:42:04'),(258,19.00,75,18,'2018-11-26 15:42:04','2018-11-26 15:42:04'),(259,20.00,76,18,'2018-11-26 15:42:04','2018-11-26 15:42:04'),(260,6.00,77,18,'2018-11-26 15:42:05','2018-11-26 15:42:05'),(261,12.00,78,18,'2018-11-26 15:42:05','2018-11-26 15:42:05'),(262,6.00,79,18,'2018-11-26 15:42:05','2018-11-26 15:42:05'),(263,14.00,80,18,'2018-11-26 15:42:05','2018-11-26 15:42:05'),(264,10.00,81,18,'2018-11-26 15:42:05','2018-11-26 15:42:05'),(265,13.00,82,18,'2018-11-26 15:42:05','2018-11-26 15:42:05'),(266,7.00,83,18,'2018-11-26 15:42:05','2018-11-26 15:42:05'),(267,9.00,84,18,'2018-11-26 15:42:05','2018-11-26 15:42:05'),(268,18.00,85,18,'2018-11-26 15:42:05','2018-11-26 15:42:05'),(269,6.00,86,18,'2018-11-26 15:42:05','2018-11-26 15:42:05'),(270,18.00,87,18,'2018-11-26 15:42:05','2018-11-26 15:42:05'),(271,10.00,88,18,'2018-11-26 15:42:05','2018-11-26 15:42:05'),(272,15.00,89,18,'2018-11-26 15:42:05','2018-11-26 15:42:05'),(273,5.00,90,18,'2018-11-26 15:42:06','2018-11-26 15:42:06'),(274,20.00,91,18,'2018-11-26 15:42:06','2018-11-26 15:42:06'),(275,14.00,92,18,'2018-11-26 15:42:06','2018-11-26 15:42:06'),(276,18.00,93,18,'2018-11-26 15:42:06','2018-11-26 15:42:06'),(277,5.00,94,18,'2018-11-26 15:42:06','2018-11-26 15:42:06'),(278,14.00,95,18,'2018-11-26 15:42:06','2018-11-26 15:42:06'),(279,18.00,96,18,'2018-11-26 15:42:06','2018-11-26 15:42:06'),(280,16.00,97,18,'2018-11-26 15:42:06','2018-11-26 15:42:06'),(281,18.00,98,18,'2018-11-26 15:42:06','2018-11-26 15:42:06'),(282,5.00,99,18,'2018-11-26 15:42:06','2018-11-26 15:42:06'),(283,12.00,100,18,'2018-11-26 15:42:06','2018-11-26 15:42:06'),(284,17.00,101,18,'2018-11-26 15:42:06','2018-11-26 15:42:06'),(285,6.00,102,18,'2018-11-26 15:42:07','2018-11-26 15:42:07'),(286,10.00,103,18,'2018-11-26 15:42:07','2018-11-26 15:42:07'),(287,12.00,104,18,'2018-11-26 15:42:07','2018-11-26 15:42:07'),(288,13.00,105,18,'2018-11-26 15:42:07','2018-11-26 15:42:07'),(289,13.00,106,18,'2018-11-26 15:42:07','2018-11-26 15:42:07'),(290,14.00,107,18,'2018-11-26 15:42:07','2018-11-26 15:42:07'),(291,12.00,108,18,'2018-11-26 15:42:07','2018-11-26 15:42:07'),(292,14.00,109,18,'2018-11-26 15:42:07','2018-11-26 15:42:07'),(293,9.00,110,18,'2018-11-26 15:42:07','2018-11-26 15:42:07'),(294,18.00,111,18,'2018-11-26 15:42:07','2018-11-26 15:42:07'),(295,20.00,112,18,'2018-11-26 15:42:07','2018-11-26 15:42:07'),(296,12.00,113,18,'2018-11-26 15:42:07','2018-11-26 15:42:07'),(297,18.00,114,18,'2018-11-26 15:42:07','2018-11-26 15:42:07'),(298,7.00,115,18,'2018-11-26 15:42:08','2018-11-26 15:42:08'),(299,18.00,116,18,'2018-11-26 15:42:08','2018-11-26 15:42:08'),(300,16.00,117,18,'2018-11-26 15:42:08','2018-11-26 15:42:08'),(301,16.00,118,18,'2018-11-26 15:42:08','2018-11-26 15:42:08'),(302,16.00,119,18,'2018-11-26 15:42:08','2018-11-26 15:42:08'),(303,9.00,120,18,'2018-11-26 15:42:08','2018-11-26 15:42:08'),(304,5.00,121,18,'2018-11-26 15:42:08','2018-11-26 15:42:08'),(305,15.00,122,18,'2018-11-26 15:42:08','2018-11-26 15:42:08'),(306,7.00,62,19,'2018-11-26 15:42:08','2018-11-26 15:42:08'),(307,5.00,63,19,'2018-11-26 15:42:08','2018-11-26 15:42:08'),(308,5.00,64,19,'2018-11-26 15:42:08','2018-11-26 15:42:08'),(309,5.00,65,19,'2018-11-26 15:42:08','2018-11-26 15:42:08'),(310,9.00,66,19,'2018-11-26 15:42:08','2018-11-26 15:42:08'),(311,10.00,67,19,'2018-11-26 15:42:08','2018-11-26 15:42:08'),(312,20.00,68,19,'2018-11-26 15:42:08','2018-11-26 15:42:08'),(313,8.00,69,19,'2018-11-26 15:42:09','2018-11-26 15:42:09'),(314,8.00,70,19,'2018-11-26 15:42:09','2018-11-26 15:42:09'),(315,5.00,71,19,'2018-11-26 15:42:09','2018-11-26 15:42:09'),(316,10.00,72,19,'2018-11-26 15:42:09','2018-11-26 15:42:09'),(317,20.00,73,19,'2018-11-26 15:42:09','2018-11-26 15:42:09'),(318,18.00,74,19,'2018-11-26 15:42:09','2018-11-26 15:42:09'),(319,19.00,75,19,'2018-11-26 15:42:09','2018-11-26 15:42:09'),(320,6.00,76,19,'2018-11-26 15:42:09','2018-11-26 15:42:09'),(321,20.00,77,19,'2018-11-26 15:42:09','2018-11-26 15:42:09'),(322,9.00,78,19,'2018-11-26 15:42:09','2018-11-26 15:42:09'),(323,6.00,79,19,'2018-11-26 15:42:09','2018-11-26 15:42:09'),(324,7.00,80,19,'2018-11-26 15:42:09','2018-11-26 15:42:09'),(325,14.00,81,19,'2018-11-26 15:42:10','2018-11-26 15:42:10'),(326,12.00,82,19,'2018-11-26 15:42:10','2018-11-26 15:42:10'),(327,16.00,83,19,'2018-11-26 15:42:10','2018-11-26 15:42:10'),(328,19.00,84,19,'2018-11-26 15:42:10','2018-11-26 15:42:10'),(329,5.00,85,19,'2018-11-26 15:42:10','2018-11-26 15:42:10'),(330,17.00,86,19,'2018-11-26 15:42:10','2018-11-26 15:42:10'),(331,11.00,87,19,'2018-11-26 15:42:10','2018-11-26 15:42:10'),(332,16.00,88,19,'2018-11-26 15:42:10','2018-11-26 15:42:10'),(333,8.00,89,19,'2018-11-26 15:42:10','2018-11-26 15:42:10'),(334,9.00,90,19,'2018-11-26 15:42:10','2018-11-26 15:42:10'),(335,6.00,91,19,'2018-11-26 15:42:10','2018-11-26 15:42:10'),(336,10.00,92,19,'2018-11-26 15:42:10','2018-11-26 15:42:10'),(337,12.00,93,19,'2018-11-26 15:42:10','2018-11-26 15:42:10'),(338,10.00,94,19,'2018-11-26 15:42:11','2018-11-26 15:42:11'),(339,19.00,95,19,'2018-11-26 15:42:11','2018-11-26 15:42:11'),(340,6.00,96,19,'2018-11-26 15:42:11','2018-11-26 15:42:11'),(341,12.00,97,19,'2018-11-26 15:42:11','2018-11-26 15:42:11'),(342,9.00,98,19,'2018-11-26 15:42:11','2018-11-26 15:42:11'),(343,5.00,99,19,'2018-11-26 15:42:11','2018-11-26 15:42:11'),(344,13.00,100,19,'2018-11-26 15:42:11','2018-11-26 15:42:11'),(345,12.00,101,19,'2018-11-26 15:42:11','2018-11-26 15:42:11'),(346,9.00,102,19,'2018-11-26 15:42:11','2018-11-26 15:42:11'),(347,8.00,103,19,'2018-11-26 15:42:12','2018-11-26 15:42:12'),(348,10.00,104,19,'2018-11-26 15:42:12','2018-11-26 15:42:12'),(349,13.00,105,19,'2018-11-26 15:42:12','2018-11-26 15:42:12'),(350,12.00,106,19,'2018-11-26 15:42:12','2018-11-26 15:42:12'),(351,19.00,107,19,'2018-11-26 15:42:12','2018-11-26 15:42:12'),(352,8.00,108,19,'2018-11-26 15:42:12','2018-11-26 15:42:12'),(353,19.00,109,19,'2018-11-26 15:42:12','2018-11-26 15:42:12'),(354,16.00,110,19,'2018-11-26 15:42:12','2018-11-26 15:42:12'),(355,19.00,111,19,'2018-11-26 15:42:12','2018-11-26 15:42:12'),(356,8.00,112,19,'2018-11-26 15:42:12','2018-11-26 15:42:12'),(357,17.00,113,19,'2018-11-26 15:42:13','2018-11-26 15:42:13'),(358,12.00,114,19,'2018-11-26 15:42:13','2018-11-26 15:42:13'),(359,6.00,115,19,'2018-11-26 15:42:13','2018-11-26 15:42:13'),(360,8.00,116,19,'2018-11-26 15:42:13','2018-11-26 15:42:13'),(361,13.00,117,19,'2018-11-26 15:42:13','2018-11-26 15:42:13'),(362,10.00,118,19,'2018-11-26 15:42:13','2018-11-26 15:42:13'),(363,10.00,119,19,'2018-11-26 15:42:13','2018-11-26 15:42:13'),(364,9.00,120,19,'2018-11-26 15:42:13','2018-11-26 15:42:13'),(365,9.00,121,19,'2018-11-26 15:42:14','2018-11-26 15:42:14'),(366,13.00,122,19,'2018-11-26 15:42:14','2018-11-26 15:42:14'),(367,15.00,62,20,'2018-11-26 15:42:14','2018-11-26 15:42:14'),(368,13.00,63,20,'2018-11-26 15:42:14','2018-11-26 15:42:14'),(369,11.00,64,20,'2018-11-26 15:42:14','2018-11-26 15:42:14'),(370,8.00,65,20,'2018-11-26 15:42:14','2018-11-26 15:42:14'),(371,18.00,66,20,'2018-11-26 15:42:14','2018-11-26 15:42:14'),(372,11.00,67,20,'2018-11-26 15:42:14','2018-11-26 15:42:14'),(373,14.00,68,20,'2018-11-26 15:42:14','2018-11-26 15:42:14'),(374,10.00,69,20,'2018-11-26 15:42:14','2018-11-26 15:42:14'),(375,6.00,70,20,'2018-11-26 15:42:14','2018-11-26 15:42:14'),(376,6.00,71,20,'2018-11-26 15:42:14','2018-11-26 15:42:14'),(377,7.00,72,20,'2018-11-26 15:42:14','2018-11-26 15:42:14'),(378,11.00,73,20,'2018-11-26 15:42:15','2018-11-26 15:42:15'),(379,15.00,74,20,'2018-11-26 15:42:15','2018-11-26 15:42:15'),(380,5.00,75,20,'2018-11-26 15:42:15','2018-11-26 15:42:15'),(381,6.00,76,20,'2018-11-26 15:42:15','2018-11-26 15:42:15'),(382,9.00,77,20,'2018-11-26 15:42:15','2018-11-26 15:42:15'),(383,8.00,78,20,'2018-11-26 15:42:15','2018-11-26 15:42:15'),(384,14.00,79,20,'2018-11-26 15:42:15','2018-11-26 15:42:15'),(385,6.00,80,20,'2018-11-26 15:42:16','2018-11-26 15:42:16'),(386,8.00,81,20,'2018-11-26 15:42:16','2018-11-26 15:42:16'),(387,7.00,82,20,'2018-11-26 15:42:16','2018-11-26 15:42:16'),(388,16.00,83,20,'2018-11-26 15:42:16','2018-11-26 15:42:16'),(389,11.00,84,20,'2018-11-26 15:42:16','2018-11-26 15:42:16'),(390,8.00,85,20,'2018-11-26 15:42:16','2018-11-26 15:42:16'),(391,17.00,86,20,'2018-11-26 15:42:16','2018-11-26 15:42:16'),(392,15.00,87,20,'2018-11-26 15:42:16','2018-11-26 15:42:16'),(393,13.00,88,20,'2018-11-26 15:42:16','2018-11-26 15:42:16'),(394,5.00,89,20,'2018-11-26 15:42:17','2018-11-26 15:42:17'),(395,10.00,90,20,'2018-11-26 15:42:17','2018-11-26 15:42:17'),(396,10.00,91,20,'2018-11-26 15:42:17','2018-11-26 15:42:17'),(397,19.00,92,20,'2018-11-26 15:42:17','2018-11-26 15:42:17'),(398,17.00,93,20,'2018-11-26 15:42:17','2018-11-26 15:42:17'),(399,14.00,94,20,'2018-11-26 15:42:17','2018-11-26 15:42:17'),(400,17.00,95,20,'2018-11-26 15:42:17','2018-11-26 15:42:17'),(401,16.00,96,20,'2018-11-26 15:42:17','2018-11-26 15:42:17'),(402,18.00,97,20,'2018-11-26 15:42:17','2018-11-26 15:42:17'),(403,19.00,98,20,'2018-11-26 15:42:17','2018-11-26 15:42:17'),(404,9.00,99,20,'2018-11-26 15:42:18','2018-11-26 15:42:18'),(405,17.00,100,20,'2018-11-26 15:42:18','2018-11-26 15:42:18'),(406,20.00,101,20,'2018-11-26 15:42:18','2018-11-26 15:42:18'),(407,12.00,102,20,'2018-11-26 15:42:18','2018-11-26 15:42:18'),(408,10.00,103,20,'2018-11-26 15:42:18','2018-11-26 15:42:18'),(409,17.00,104,20,'2018-11-26 15:42:18','2018-11-26 15:42:18'),(410,10.00,105,20,'2018-11-26 15:42:18','2018-11-26 15:42:18'),(411,7.00,106,20,'2018-11-26 15:42:18','2018-11-26 15:42:18'),(412,14.00,107,20,'2018-11-26 15:42:18','2018-11-26 15:42:18'),(413,12.00,108,20,'2018-11-26 15:42:18','2018-11-26 15:42:18'),(414,15.00,109,20,'2018-11-26 15:42:19','2018-11-26 15:42:19'),(415,11.00,110,20,'2018-11-26 15:42:19','2018-11-26 15:42:19'),(416,18.00,111,20,'2018-11-26 15:42:19','2018-11-26 15:42:19'),(417,19.00,112,20,'2018-11-26 15:42:19','2018-11-26 15:42:19'),(418,10.00,113,20,'2018-11-26 15:42:19','2018-11-26 15:42:19'),(419,10.00,114,20,'2018-11-26 15:42:19','2018-11-26 15:42:19'),(420,6.00,115,20,'2018-11-26 15:42:19','2018-11-26 15:42:19'),(421,10.00,116,20,'2018-11-26 15:42:19','2018-11-26 15:42:19'),(422,9.00,117,20,'2018-11-26 15:42:19','2018-11-26 15:42:19'),(423,15.00,118,20,'2018-11-26 15:42:19','2018-11-26 15:42:19'),(424,20.00,119,20,'2018-11-26 15:42:19','2018-11-26 15:42:19'),(425,18.00,120,20,'2018-11-26 15:42:19','2018-11-26 15:42:19'),(426,6.00,121,20,'2018-11-26 15:42:20','2018-11-26 15:42:20'),(427,8.00,122,20,'2018-11-26 15:42:20','2018-11-26 15:42:20'),(428,8.00,62,21,'2018-11-26 15:42:20','2018-11-26 15:42:20'),(429,8.00,63,21,'2018-11-26 15:42:20','2018-11-26 15:42:20'),(430,6.00,64,21,'2018-11-26 15:42:20','2018-11-26 15:42:20'),(431,14.00,65,21,'2018-11-26 15:42:20','2018-11-26 15:42:20'),(432,7.00,66,21,'2018-11-26 15:42:20','2018-11-26 15:42:20'),(433,7.00,67,21,'2018-11-26 15:42:20','2018-11-26 15:42:20'),(434,14.00,68,21,'2018-11-26 15:42:20','2018-11-26 15:42:20'),(435,19.00,69,21,'2018-11-26 15:42:20','2018-11-26 15:42:20'),(436,6.00,70,21,'2018-11-26 15:42:20','2018-11-26 15:42:20'),(437,17.00,71,21,'2018-11-26 15:42:20','2018-11-26 15:42:20'),(438,10.00,72,21,'2018-11-26 15:42:21','2018-11-26 15:42:21'),(439,11.00,73,21,'2018-11-26 15:42:21','2018-11-26 15:42:21'),(440,11.00,74,21,'2018-11-26 15:42:21','2018-11-26 15:42:21'),(441,10.00,75,21,'2018-11-26 15:42:21','2018-11-26 15:42:21'),(442,9.00,76,21,'2018-11-26 15:42:21','2018-11-26 15:42:21'),(443,18.00,77,21,'2018-11-26 15:42:21','2018-11-26 15:42:21'),(444,17.00,78,21,'2018-11-26 15:42:22','2018-11-26 15:42:22'),(445,14.00,79,21,'2018-11-26 15:42:22','2018-11-26 15:42:22'),(446,12.00,80,21,'2018-11-26 15:42:22','2018-11-26 15:42:22'),(447,7.00,81,21,'2018-11-26 15:42:22','2018-11-26 15:42:22'),(448,15.00,82,21,'2018-11-26 15:42:22','2018-11-26 15:42:22'),(449,11.00,83,21,'2018-11-26 15:42:22','2018-11-26 15:42:22'),(450,15.00,84,21,'2018-11-26 15:42:22','2018-11-26 15:42:22'),(451,13.00,85,21,'2018-11-26 15:42:22','2018-11-26 15:42:22'),(452,5.00,86,21,'2018-11-26 15:42:23','2018-11-26 15:42:23'),(453,19.00,87,21,'2018-11-26 15:42:23','2018-11-26 15:42:23'),(454,20.00,88,21,'2018-11-26 15:42:23','2018-11-26 15:42:23'),(455,16.00,89,21,'2018-11-26 15:42:23','2018-11-26 15:42:23'),(456,16.00,90,21,'2018-11-26 15:42:23','2018-11-26 15:42:23'),(457,9.00,91,21,'2018-11-26 15:42:23','2018-11-26 15:42:23'),(458,8.00,92,21,'2018-11-26 15:42:23','2018-11-26 15:42:23'),(459,17.00,93,21,'2018-11-26 15:42:23','2018-11-26 15:42:23'),(460,8.00,94,21,'2018-11-26 15:42:23','2018-11-26 15:42:23'),(461,16.00,95,21,'2018-11-26 15:42:23','2018-11-26 15:42:23'),(462,7.00,96,21,'2018-11-26 15:42:23','2018-11-26 15:42:23'),(463,14.00,97,21,'2018-11-26 15:42:23','2018-11-26 15:42:23'),(464,6.00,98,21,'2018-11-26 15:42:23','2018-11-26 15:42:23'),(465,12.00,99,21,'2018-11-26 15:42:24','2018-11-26 15:42:24'),(466,12.00,100,21,'2018-11-26 15:42:24','2018-11-26 15:42:24'),(467,14.00,101,21,'2018-11-26 15:42:24','2018-11-26 15:42:24'),(468,7.00,102,21,'2018-11-26 15:42:24','2018-11-26 15:42:24'),(469,18.00,103,21,'2018-11-26 15:42:24','2018-11-26 15:42:24'),(470,6.00,104,21,'2018-11-26 15:42:24','2018-11-26 15:42:24'),(471,16.00,105,21,'2018-11-26 15:42:24','2018-11-26 15:42:24'),(472,17.00,106,21,'2018-11-26 15:42:24','2018-11-26 15:42:24'),(473,12.00,107,21,'2018-11-26 15:42:24','2018-11-26 15:42:24'),(474,15.00,108,21,'2018-11-26 15:42:24','2018-11-26 15:42:24'),(475,12.00,109,21,'2018-11-26 15:42:24','2018-11-26 15:42:24'),(476,12.00,110,21,'2018-11-26 15:42:24','2018-11-26 15:42:24'),(477,20.00,111,21,'2018-11-26 15:42:24','2018-11-26 15:42:24'),(478,7.00,112,21,'2018-11-26 15:42:24','2018-11-26 15:42:24'),(479,9.00,113,21,'2018-11-26 15:42:25','2018-11-26 15:42:25'),(480,17.00,114,21,'2018-11-26 15:42:25','2018-11-26 15:42:25'),(481,11.00,115,21,'2018-11-26 15:42:25','2018-11-26 15:42:25'),(482,15.00,116,21,'2018-11-26 15:42:25','2018-11-26 15:42:25'),(483,20.00,117,21,'2018-11-26 15:42:25','2018-11-26 15:42:25'),(484,12.00,118,21,'2018-11-26 15:42:25','2018-11-26 15:42:25'),(485,20.00,119,21,'2018-11-26 15:42:25','2018-11-26 15:42:25'),(486,12.00,120,21,'2018-11-26 15:42:25','2018-11-26 15:42:25'),(487,12.00,121,21,'2018-11-26 15:42:25','2018-11-26 15:42:25'),(488,13.00,122,21,'2018-11-26 15:42:25','2018-11-26 15:42:25'),(489,12.00,62,22,'2018-11-26 15:42:25','2018-11-26 15:42:25'),(490,20.00,63,22,'2018-11-26 15:42:25','2018-11-26 15:42:25'),(491,7.00,64,22,'2018-11-26 15:42:25','2018-11-26 15:42:25'),(492,15.00,65,22,'2018-11-26 15:42:26','2018-11-26 15:42:26'),(493,13.00,66,22,'2018-11-26 15:42:26','2018-11-26 15:42:26'),(494,6.00,67,22,'2018-11-26 15:42:26','2018-11-26 15:42:26'),(495,7.00,68,22,'2018-11-26 15:42:26','2018-11-26 15:42:26'),(496,8.00,69,22,'2018-11-26 15:42:26','2018-11-26 15:42:26'),(497,7.00,70,22,'2018-11-26 15:42:26','2018-11-26 15:42:26'),(498,7.00,71,22,'2018-11-26 15:42:26','2018-11-26 15:42:26'),(499,5.00,72,22,'2018-11-26 15:42:26','2018-11-26 15:42:26'),(500,7.00,73,22,'2018-11-26 15:42:26','2018-11-26 15:42:26'),(501,12.00,74,22,'2018-11-26 15:42:26','2018-11-26 15:42:26'),(502,7.00,75,22,'2018-11-26 15:42:26','2018-11-26 15:42:26'),(503,11.00,76,22,'2018-11-26 15:42:26','2018-11-26 15:42:26'),(504,18.00,77,22,'2018-11-26 15:42:26','2018-11-26 15:42:26'),(505,11.00,78,22,'2018-11-26 15:42:26','2018-11-26 15:42:26'),(506,14.00,79,22,'2018-11-26 15:42:27','2018-11-26 15:42:27'),(507,6.00,80,22,'2018-11-26 15:42:27','2018-11-26 15:42:27'),(508,7.00,81,22,'2018-11-26 15:42:27','2018-11-26 15:42:27'),(509,13.00,82,22,'2018-11-26 15:42:27','2018-11-26 15:42:27'),(510,19.00,83,22,'2018-11-26 15:42:27','2018-11-26 15:42:27'),(511,6.00,84,22,'2018-11-26 15:42:27','2018-11-26 15:42:27'),(512,20.00,85,22,'2018-11-26 15:42:27','2018-11-26 15:42:27'),(513,12.00,86,22,'2018-11-26 15:42:27','2018-11-26 15:42:27'),(514,17.00,87,22,'2018-11-26 15:42:27','2018-11-26 15:42:27'),(515,18.00,88,22,'2018-11-26 15:42:27','2018-11-26 15:42:27'),(516,9.00,89,22,'2018-11-26 15:42:28','2018-11-26 15:42:28'),(517,19.00,90,22,'2018-11-26 15:42:28','2018-11-26 15:42:28'),(518,8.00,91,22,'2018-11-26 15:42:28','2018-11-26 15:42:28'),(519,10.00,92,22,'2018-11-26 15:42:28','2018-11-26 15:42:28'),(520,18.00,93,22,'2018-11-26 15:42:28','2018-11-26 15:42:28'),(521,12.00,94,22,'2018-11-26 15:42:28','2018-11-26 15:42:28'),(522,20.00,95,22,'2018-11-26 15:42:28','2018-11-26 15:42:28'),(523,7.00,96,22,'2018-11-26 15:42:28','2018-11-26 15:42:28'),(524,16.00,97,22,'2018-11-26 15:42:28','2018-11-26 15:42:28'),(525,9.00,98,22,'2018-11-26 15:42:28','2018-11-26 15:42:28'),(526,10.00,99,22,'2018-11-26 15:42:29','2018-11-26 15:42:29'),(527,20.00,100,22,'2018-11-26 15:42:29','2018-11-26 15:42:29'),(528,7.00,101,22,'2018-11-26 15:42:29','2018-11-26 15:42:29'),(529,13.00,102,22,'2018-11-26 15:42:29','2018-11-26 15:42:29'),(530,5.00,103,22,'2018-11-26 15:42:29','2018-11-26 15:42:29'),(531,12.00,104,22,'2018-11-26 15:42:29','2018-11-26 15:42:29'),(532,11.00,105,22,'2018-11-26 15:42:29','2018-11-26 15:42:29'),(533,16.00,106,22,'2018-11-26 15:42:29','2018-11-26 15:42:29'),(534,14.00,107,22,'2018-11-26 15:42:29','2018-11-26 15:42:29'),(535,6.00,108,22,'2018-11-26 15:42:29','2018-11-26 15:42:29'),(536,8.00,109,22,'2018-11-26 15:42:29','2018-11-26 15:42:29'),(537,5.00,110,22,'2018-11-26 15:42:29','2018-11-26 15:42:29'),(538,20.00,111,22,'2018-11-26 15:42:30','2018-11-26 15:42:30'),(539,5.00,112,22,'2018-11-26 15:42:30','2018-11-26 15:42:30'),(540,7.00,113,22,'2018-11-26 15:42:30','2018-11-26 15:42:30'),(541,18.00,114,22,'2018-11-26 15:42:30','2018-11-26 15:42:30'),(542,18.00,115,22,'2018-11-26 15:42:30','2018-11-26 15:42:30'),(543,13.00,116,22,'2018-11-26 15:42:30','2018-11-26 15:42:30'),(544,16.00,117,22,'2018-11-26 15:42:30','2018-11-26 15:42:30'),(545,16.00,118,22,'2018-11-26 15:42:30','2018-11-26 15:42:30'),(546,14.00,119,22,'2018-11-26 15:42:30','2018-11-26 15:42:30'),(547,18.00,120,22,'2018-11-26 15:42:30','2018-11-26 15:42:30'),(548,17.00,121,22,'2018-11-26 15:42:30','2018-11-26 15:42:30'),(549,6.00,122,22,'2018-11-26 15:42:31','2018-11-26 15:42:31'),(550,10.00,62,23,'2018-11-26 15:42:31','2018-11-26 15:42:31'),(551,16.00,63,23,'2018-11-26 15:42:31','2018-11-26 15:42:31'),(552,5.00,64,23,'2018-11-26 15:42:31','2018-11-26 15:42:31'),(553,9.00,65,23,'2018-11-26 15:42:31','2018-11-26 15:42:31'),(554,18.00,66,23,'2018-11-26 15:42:31','2018-11-26 15:42:31'),(555,9.00,67,23,'2018-11-26 15:42:31','2018-11-26 15:42:31'),(556,12.00,68,23,'2018-11-26 15:42:31','2018-11-26 15:42:31'),(557,13.00,69,23,'2018-11-26 15:42:31','2018-11-26 15:42:31'),(558,19.00,70,23,'2018-11-26 15:42:31','2018-11-26 15:42:31'),(559,5.00,71,23,'2018-11-26 15:42:31','2018-11-26 15:42:31'),(560,18.00,72,23,'2018-11-26 15:42:31','2018-11-26 15:42:31'),(561,19.00,73,23,'2018-11-26 15:42:32','2018-11-26 15:42:32'),(562,16.00,74,23,'2018-11-26 15:42:32','2018-11-26 15:42:32'),(563,10.00,75,23,'2018-11-26 15:42:32','2018-11-26 15:42:32'),(564,13.00,76,23,'2018-11-26 15:42:32','2018-11-26 15:42:32'),(565,14.00,77,23,'2018-11-26 15:42:32','2018-11-26 15:42:32'),(566,8.00,78,23,'2018-11-26 15:42:32','2018-11-26 15:42:32'),(567,14.00,79,23,'2018-11-26 15:42:32','2018-11-26 15:42:32'),(568,12.00,80,23,'2018-11-26 15:42:32','2018-11-26 15:42:32'),(569,14.00,81,23,'2018-11-26 15:42:32','2018-11-26 15:42:32'),(570,19.00,82,23,'2018-11-26 15:42:33','2018-11-26 15:42:33'),(571,17.00,83,23,'2018-11-26 15:42:33','2018-11-26 15:42:33'),(572,11.00,84,23,'2018-11-26 15:42:33','2018-11-26 15:42:33'),(573,7.00,85,23,'2018-11-26 15:42:33','2018-11-26 15:42:33'),(574,20.00,86,23,'2018-11-26 15:42:33','2018-11-26 15:42:33'),(575,20.00,87,23,'2018-11-26 15:42:33','2018-11-26 15:42:33'),(576,7.00,88,23,'2018-11-26 15:42:33','2018-11-26 15:42:33'),(577,16.00,89,23,'2018-11-26 15:42:33','2018-11-26 15:42:33'),(578,13.00,90,23,'2018-11-26 15:42:33','2018-11-26 15:42:33'),(579,13.00,91,23,'2018-11-26 15:42:33','2018-11-26 15:42:33'),(580,19.00,92,23,'2018-11-26 15:42:33','2018-11-26 15:42:33'),(581,12.00,93,23,'2018-11-26 15:42:33','2018-11-26 15:42:33'),(582,15.00,94,23,'2018-11-26 15:42:33','2018-11-26 15:42:33'),(583,16.00,95,23,'2018-11-26 15:42:34','2018-11-26 15:42:34'),(584,19.00,96,23,'2018-11-26 15:42:34','2018-11-26 15:42:34'),(585,6.00,97,23,'2018-11-26 15:42:34','2018-11-26 15:42:34'),(586,9.00,98,23,'2018-11-26 15:42:34','2018-11-26 15:42:34'),(587,19.00,99,23,'2018-11-26 15:42:34','2018-11-26 15:42:34'),(588,7.00,100,23,'2018-11-26 15:42:34','2018-11-26 15:42:34'),(589,17.00,101,23,'2018-11-26 15:42:34','2018-11-26 15:42:34'),(590,16.00,102,23,'2018-11-26 15:42:34','2018-11-26 15:42:34'),(591,16.00,103,23,'2018-11-26 15:42:34','2018-11-26 15:42:34'),(592,7.00,104,23,'2018-11-26 15:42:34','2018-11-26 15:42:34'),(593,5.00,105,23,'2018-11-26 15:42:34','2018-11-26 15:42:34'),(594,11.00,106,23,'2018-11-26 15:42:34','2018-11-26 15:42:34'),(595,8.00,107,23,'2018-11-26 15:42:34','2018-11-26 15:42:34'),(596,14.00,108,23,'2018-11-26 15:42:35','2018-11-26 15:42:35'),(597,6.00,109,23,'2018-11-26 15:42:35','2018-11-26 15:42:35'),(598,12.00,110,23,'2018-11-26 15:42:35','2018-11-26 15:42:35'),(599,15.00,111,23,'2018-11-26 15:42:35','2018-11-26 15:42:35'),(600,7.00,112,23,'2018-11-26 15:42:35','2018-11-26 15:42:35'),(601,15.00,113,23,'2018-11-26 15:42:35','2018-11-26 15:42:35'),(602,11.00,114,23,'2018-11-26 15:42:35','2018-11-26 15:42:35'),(603,6.00,115,23,'2018-11-26 15:42:35','2018-11-26 15:42:35'),(604,7.00,116,23,'2018-11-26 15:42:35','2018-11-26 15:42:35'),(605,7.00,117,23,'2018-11-26 15:42:35','2018-11-26 15:42:35'),(606,8.00,118,23,'2018-11-26 15:42:35','2018-11-26 15:42:35'),(607,19.00,119,23,'2018-11-26 15:42:35','2018-11-26 15:42:35'),(608,16.00,120,23,'2018-11-26 15:42:36','2018-11-26 15:42:36'),(609,16.00,121,23,'2018-11-26 15:42:36','2018-11-26 15:42:36'),(610,16.00,122,23,'2018-11-26 15:42:36','2018-11-26 15:42:36'),(611,19.00,62,24,'2018-11-26 15:42:36','2018-11-26 15:42:36'),(612,18.00,63,24,'2018-11-26 15:42:36','2018-11-26 15:42:36'),(613,18.00,64,24,'2018-11-26 15:42:36','2018-11-26 15:42:36'),(614,12.00,65,24,'2018-11-26 15:42:36','2018-11-26 15:42:36'),(615,20.00,66,24,'2018-11-26 15:42:36','2018-11-26 15:42:36'),(616,15.00,67,24,'2018-11-26 15:42:36','2018-11-26 15:42:36'),(617,19.00,68,24,'2018-11-26 15:42:36','2018-11-26 15:42:36'),(618,13.00,69,24,'2018-11-26 15:42:36','2018-11-26 15:42:36'),(619,10.00,70,24,'2018-11-26 15:42:36','2018-11-26 15:42:36'),(620,6.00,71,24,'2018-11-26 15:42:37','2018-11-26 15:42:37'),(621,5.00,72,24,'2018-11-26 15:42:37','2018-11-26 15:42:37'),(622,18.00,73,24,'2018-11-26 15:42:37','2018-11-26 15:42:37'),(623,11.00,74,24,'2018-11-26 15:42:37','2018-11-26 15:42:37'),(624,11.00,75,24,'2018-11-26 15:42:37','2018-11-26 15:42:37'),(625,16.00,76,24,'2018-11-26 15:42:37','2018-11-26 15:42:37'),(626,19.00,77,24,'2018-11-26 15:42:37','2018-11-26 15:42:37'),(627,6.00,78,24,'2018-11-26 15:42:37','2018-11-26 15:42:37'),(628,18.00,79,24,'2018-11-26 15:42:37','2018-11-26 15:42:37'),(629,10.00,80,24,'2018-11-26 15:42:37','2018-11-26 15:42:37'),(630,6.00,81,24,'2018-11-26 15:42:37','2018-11-26 15:42:37'),(631,10.00,82,24,'2018-11-26 15:42:37','2018-11-26 15:42:37'),(632,19.00,83,24,'2018-11-26 15:42:37','2018-11-26 15:42:37'),(633,8.00,84,24,'2018-11-26 15:42:37','2018-11-26 15:42:37'),(634,17.00,85,24,'2018-11-26 15:42:37','2018-11-26 15:42:37'),(635,10.00,86,24,'2018-11-26 15:42:38','2018-11-26 15:42:38'),(636,9.00,87,24,'2018-11-26 15:42:38','2018-11-26 15:42:38'),(637,10.00,88,24,'2018-11-26 15:42:38','2018-11-26 15:42:38'),(638,17.00,89,24,'2018-11-26 15:42:38','2018-11-26 15:42:38'),(639,16.00,90,24,'2018-11-26 15:42:38','2018-11-26 15:42:38'),(640,11.00,91,24,'2018-11-26 15:42:38','2018-11-26 15:42:38'),(641,16.00,92,24,'2018-11-26 15:42:38','2018-11-26 15:42:38'),(642,19.00,93,24,'2018-11-26 15:42:38','2018-11-26 15:42:38'),(643,12.00,94,24,'2018-11-26 15:42:38','2018-11-26 15:42:38'),(644,9.00,95,24,'2018-11-26 15:42:38','2018-11-26 15:42:38'),(645,17.00,96,24,'2018-11-26 15:42:39','2018-11-26 15:42:39'),(646,15.00,97,24,'2018-11-26 15:42:39','2018-11-26 15:42:39'),(647,6.00,98,24,'2018-11-26 15:42:39','2018-11-26 15:42:39'),(648,7.00,99,24,'2018-11-26 15:42:39','2018-11-26 15:42:39'),(649,15.00,100,24,'2018-11-26 15:42:39','2018-11-26 15:42:39'),(650,20.00,101,24,'2018-11-26 15:42:39','2018-11-26 15:42:39'),(651,8.00,102,24,'2018-11-26 15:42:39','2018-11-26 15:42:39'),(652,18.00,103,24,'2018-11-26 15:42:39','2018-11-26 15:42:39'),(653,8.00,104,24,'2018-11-26 15:42:39','2018-11-26 15:42:39'),(654,7.00,105,24,'2018-11-26 15:42:39','2018-11-26 15:42:39'),(655,11.00,106,24,'2018-11-26 15:42:40','2018-11-26 15:42:40'),(656,9.00,107,24,'2018-11-26 15:42:40','2018-11-26 15:42:40'),(657,12.00,108,24,'2018-11-26 15:42:40','2018-11-26 15:42:40'),(658,15.00,109,24,'2018-11-26 15:42:40','2018-11-26 15:42:40'),(659,8.00,110,24,'2018-11-26 15:42:40','2018-11-26 15:42:40'),(660,19.00,111,24,'2018-11-26 15:42:40','2018-11-26 15:42:40'),(661,20.00,112,24,'2018-11-26 15:42:40','2018-11-26 15:42:40'),(662,16.00,113,24,'2018-11-26 15:42:40','2018-11-26 15:42:40'),(663,17.00,114,24,'2018-11-26 15:42:40','2018-11-26 15:42:40'),(664,11.00,115,24,'2018-11-26 15:42:40','2018-11-26 15:42:40'),(665,20.00,116,24,'2018-11-26 15:42:41','2018-11-26 15:42:41'),(666,12.00,117,24,'2018-11-26 15:42:41','2018-11-26 15:42:41'),(667,9.00,118,24,'2018-11-26 15:42:41','2018-11-26 15:42:41'),(668,20.00,119,24,'2018-11-26 15:42:41','2018-11-26 15:42:41'),(669,13.00,120,24,'2018-11-26 15:42:41','2018-11-26 15:42:41'),(670,9.00,121,24,'2018-11-26 15:42:41','2018-11-26 15:42:41'),(671,13.00,122,24,'2018-11-26 15:42:41','2018-11-26 15:42:41'),(672,5.00,62,26,'2018-11-26 15:42:41','2018-11-26 15:42:41'),(673,18.00,63,26,'2018-11-26 15:42:41','2018-11-26 15:42:41'),(674,19.00,64,26,'2018-11-26 15:42:41','2018-11-26 15:42:41'),(675,14.00,65,26,'2018-11-26 15:42:41','2018-11-26 15:42:41'),(676,7.00,66,26,'2018-11-26 15:42:41','2018-11-26 15:42:41'),(677,19.00,67,26,'2018-11-26 15:42:42','2018-11-26 15:42:42'),(678,8.00,68,26,'2018-11-26 15:42:42','2018-11-26 15:42:42'),(679,7.00,69,26,'2018-11-26 15:42:42','2018-11-26 15:42:42'),(680,19.00,70,26,'2018-11-26 15:42:42','2018-11-26 15:42:42'),(681,13.00,71,26,'2018-11-26 15:42:42','2018-11-26 15:42:42'),(682,12.00,72,26,'2018-11-26 15:42:42','2018-11-26 15:42:42'),(683,11.00,73,26,'2018-11-26 15:42:42','2018-11-26 15:42:42'),(684,5.00,74,26,'2018-11-26 15:42:42','2018-11-26 15:42:42'),(685,8.00,75,26,'2018-11-26 15:42:43','2018-11-26 15:42:43'),(686,13.00,76,26,'2018-11-26 15:42:43','2018-11-26 15:42:43'),(687,19.00,77,26,'2018-11-26 15:42:43','2018-11-26 15:42:43'),(688,9.00,78,26,'2018-11-26 15:42:43','2018-11-26 15:42:43'),(689,14.00,79,26,'2018-11-26 15:42:43','2018-11-26 15:42:43'),(690,7.00,80,26,'2018-11-26 15:42:43','2018-11-26 15:42:43'),(691,12.00,81,26,'2018-11-26 15:42:43','2018-11-26 15:42:43'),(692,9.00,82,26,'2018-11-26 15:42:43','2018-11-26 15:42:43'),(693,9.00,83,26,'2018-11-26 15:42:43','2018-11-26 15:42:43'),(694,13.00,84,26,'2018-11-26 15:42:44','2018-11-26 15:42:44'),(695,16.00,85,26,'2018-11-26 15:42:44','2018-11-26 15:42:44'),(696,5.00,86,26,'2018-11-26 15:42:44','2018-11-26 15:42:44'),(697,9.00,87,26,'2018-11-26 15:42:44','2018-11-26 15:42:44'),(698,11.00,88,26,'2018-11-26 15:42:44','2018-11-26 15:42:44'),(699,12.00,89,26,'2018-11-26 15:42:44','2018-11-26 15:42:44'),(700,20.00,90,26,'2018-11-26 15:42:44','2018-11-26 15:42:44'),(701,19.00,91,26,'2018-11-26 15:42:44','2018-11-26 15:42:44'),(702,7.00,92,26,'2018-11-26 15:42:44','2018-11-26 15:42:44'),(703,17.00,93,26,'2018-11-26 15:42:44','2018-11-26 15:42:44'),(704,9.00,94,26,'2018-11-26 15:42:45','2018-11-26 15:42:45'),(705,18.00,95,26,'2018-11-26 15:42:45','2018-11-26 15:42:45'),(706,11.00,96,26,'2018-11-26 15:42:45','2018-11-26 15:42:45'),(707,7.00,97,26,'2018-11-26 15:42:45','2018-11-26 15:42:45'),(708,20.00,98,26,'2018-11-26 15:42:45','2018-11-26 15:42:45'),(709,8.00,99,26,'2018-11-26 15:42:45','2018-11-26 15:42:45'),(710,8.00,100,26,'2018-11-26 15:42:45','2018-11-26 15:42:45'),(711,17.00,101,26,'2018-11-26 15:42:45','2018-11-26 15:42:45'),(712,20.00,102,26,'2018-11-26 15:42:45','2018-11-26 15:42:45'),(713,11.00,103,26,'2018-11-26 15:42:45','2018-11-26 15:42:45'),(714,18.00,104,26,'2018-11-26 15:42:45','2018-11-26 15:42:45'),(715,11.00,105,26,'2018-11-26 15:42:45','2018-11-26 15:42:45'),(716,7.00,106,26,'2018-11-26 15:42:45','2018-11-26 15:42:45'),(717,12.00,107,26,'2018-11-26 15:42:46','2018-11-26 15:42:46'),(718,10.00,108,26,'2018-11-26 15:42:46','2018-11-26 15:42:46'),(719,8.00,109,26,'2018-11-26 15:42:46','2018-11-26 15:42:46'),(720,5.00,110,26,'2018-11-26 15:42:46','2018-11-26 15:42:46'),(721,12.00,111,26,'2018-11-26 15:42:46','2018-11-26 15:42:46'),(722,9.00,112,26,'2018-11-26 15:42:46','2018-11-26 15:42:46'),(723,16.00,113,26,'2018-11-26 15:42:46','2018-11-26 15:42:46'),(724,18.00,114,26,'2018-11-26 15:42:46','2018-11-26 15:42:46'),(725,13.00,115,26,'2018-11-26 15:42:47','2018-11-26 15:42:47'),(726,12.00,116,26,'2018-11-26 15:42:47','2018-11-26 15:42:47'),(727,12.00,117,26,'2018-11-26 15:42:47','2018-11-26 15:42:47'),(728,11.00,118,26,'2018-11-26 15:42:47','2018-11-26 15:42:47'),(729,6.00,119,26,'2018-11-26 15:42:47','2018-11-26 15:42:47'),(730,15.00,120,26,'2018-11-26 15:42:47','2018-11-26 15:42:47'),(731,12.00,121,26,'2018-11-26 15:42:47','2018-11-26 15:42:47'),(732,13.00,122,26,'2018-11-26 15:42:47','2018-11-26 15:42:47'),(733,10.00,62,27,'2018-11-26 15:42:48','2018-11-26 15:42:48'),(734,12.00,63,27,'2018-11-26 15:42:48','2018-11-26 15:42:48'),(735,18.00,64,27,'2018-11-26 15:42:48','2018-11-26 15:42:48'),(736,12.00,65,27,'2018-11-26 15:42:48','2018-11-26 15:42:48'),(737,15.00,66,27,'2018-11-26 15:42:48','2018-11-26 15:42:48'),(738,11.00,67,27,'2018-11-26 15:42:48','2018-11-26 15:42:48'),(739,18.00,68,27,'2018-11-26 15:42:48','2018-11-26 15:42:48'),(740,7.00,69,27,'2018-11-26 15:42:48','2018-11-26 15:42:48'),(741,15.00,70,27,'2018-11-26 15:42:48','2018-11-26 15:42:48'),(742,17.00,71,27,'2018-11-26 15:42:48','2018-11-26 15:42:48'),(743,7.00,72,27,'2018-11-26 15:42:48','2018-11-26 15:42:48'),(744,12.00,73,27,'2018-11-26 15:42:48','2018-11-26 15:42:48'),(745,18.00,74,27,'2018-11-26 15:42:48','2018-11-26 15:42:48'),(746,10.00,75,27,'2018-11-26 15:42:48','2018-11-26 15:42:48'),(747,10.00,76,27,'2018-11-26 15:42:48','2018-11-26 15:42:48'),(748,14.00,77,27,'2018-11-26 15:42:49','2018-11-26 15:42:49'),(749,15.00,78,27,'2018-11-26 15:42:49','2018-11-26 15:42:49'),(750,13.00,79,27,'2018-11-26 15:42:49','2018-11-26 15:42:49'),(751,5.00,80,27,'2018-11-26 15:42:49','2018-11-26 15:42:49'),(752,8.00,81,27,'2018-11-26 15:42:49','2018-11-26 15:42:49'),(753,5.00,82,27,'2018-11-26 15:42:49','2018-11-26 15:42:49'),(754,13.00,83,27,'2018-11-26 15:42:49','2018-11-26 15:42:49'),(755,6.00,84,27,'2018-11-26 15:42:49','2018-11-26 15:42:49'),(756,17.00,85,27,'2018-11-26 15:42:49','2018-11-26 15:42:49'),(757,6.00,86,27,'2018-11-26 15:42:49','2018-11-26 15:42:49'),(758,14.00,87,27,'2018-11-26 15:42:50','2018-11-26 15:42:50'),(759,15.00,88,27,'2018-11-26 15:42:50','2018-11-26 15:42:50'),(760,14.00,89,27,'2018-11-26 15:42:50','2018-11-26 15:42:50'),(761,12.00,90,27,'2018-11-26 15:42:50','2018-11-26 15:42:50'),(762,11.00,91,27,'2018-11-26 15:42:50','2018-11-26 15:42:50'),(763,12.00,92,27,'2018-11-26 15:42:50','2018-11-26 15:42:50'),(764,18.00,93,27,'2018-11-26 15:42:50','2018-11-26 15:42:50'),(765,15.00,94,27,'2018-11-26 15:42:50','2018-11-26 15:42:50'),(766,17.00,95,27,'2018-11-26 15:42:51','2018-11-26 15:42:51'),(767,18.00,96,27,'2018-11-26 15:42:51','2018-11-26 15:42:51'),(768,8.00,97,27,'2018-11-26 15:42:51','2018-11-26 15:42:51'),(769,6.00,98,27,'2018-11-26 15:42:51','2018-11-26 15:42:51'),(770,19.00,99,27,'2018-11-26 15:42:51','2018-11-26 15:42:51'),(771,9.00,100,27,'2018-11-26 15:42:51','2018-11-26 15:42:51'),(772,10.00,101,27,'2018-11-26 15:42:51','2018-11-26 15:42:51'),(773,20.00,102,27,'2018-11-26 15:42:51','2018-11-26 15:42:51'),(774,6.00,103,27,'2018-11-26 15:42:51','2018-11-26 15:42:51'),(775,9.00,104,27,'2018-11-26 15:42:51','2018-11-26 15:42:51'),(776,9.00,105,27,'2018-11-26 15:42:51','2018-11-26 15:42:51'),(777,20.00,106,27,'2018-11-26 15:42:51','2018-11-26 15:42:51'),(778,16.00,107,27,'2018-11-26 15:42:51','2018-11-26 15:42:51'),(779,18.00,108,27,'2018-11-26 15:42:51','2018-11-26 15:42:51'),(780,18.00,109,27,'2018-11-26 15:42:51','2018-11-26 15:42:51'),(781,17.00,110,27,'2018-11-26 15:42:51','2018-11-26 15:42:51'),(782,16.00,111,27,'2018-11-26 15:42:51','2018-11-26 15:42:51'),(783,8.00,112,27,'2018-11-26 15:42:52','2018-11-26 15:42:52'),(784,16.00,113,27,'2018-11-26 15:42:52','2018-11-26 15:42:52'),(785,11.00,114,27,'2018-11-26 15:42:52','2018-11-26 15:42:52'),(786,18.00,115,27,'2018-11-26 15:42:52','2018-11-26 15:42:52'),(787,8.00,116,27,'2018-11-26 15:42:52','2018-11-26 15:42:52'),(788,13.00,117,27,'2018-11-26 15:42:52','2018-11-26 15:42:52'),(789,20.00,118,27,'2018-11-26 15:42:52','2018-11-26 15:42:52'),(790,11.00,119,27,'2018-11-26 15:42:52','2018-11-26 15:42:52'),(791,12.00,120,27,'2018-11-26 15:42:52','2018-11-26 15:42:52'),(792,17.00,121,27,'2018-11-26 15:42:53','2018-11-26 15:42:53'),(793,17.00,122,27,'2018-11-26 15:42:53','2018-11-26 15:42:53'),(794,14.00,62,28,'2018-11-26 15:42:53','2018-11-26 15:42:53'),(795,7.00,63,28,'2018-11-26 15:42:53','2018-11-26 15:42:53'),(796,16.00,64,28,'2018-11-26 15:42:53','2018-11-26 15:42:53'),(797,7.00,65,28,'2018-11-26 15:42:53','2018-11-26 15:42:53'),(798,11.00,66,28,'2018-11-26 15:42:53','2018-11-26 15:42:53'),(799,8.00,67,28,'2018-11-26 15:42:53','2018-11-26 15:42:53'),(800,20.00,68,28,'2018-11-26 15:42:53','2018-11-26 15:42:53'),(801,5.00,69,28,'2018-11-26 15:42:53','2018-11-26 15:42:53'),(802,6.00,70,28,'2018-11-26 15:42:53','2018-11-26 15:42:53'),(803,8.00,71,28,'2018-11-26 15:42:53','2018-11-26 15:42:53'),(804,14.00,72,28,'2018-11-26 15:42:54','2018-11-26 15:42:54'),(805,7.00,73,28,'2018-11-26 15:42:54','2018-11-26 15:42:54'),(806,19.00,74,28,'2018-11-26 15:42:54','2018-11-26 15:42:54'),(807,7.00,75,28,'2018-11-26 15:42:54','2018-11-26 15:42:54'),(808,15.00,76,28,'2018-11-26 15:42:54','2018-11-26 15:42:54'),(809,10.00,77,28,'2018-11-26 15:42:54','2018-11-26 15:42:54'),(810,9.00,78,28,'2018-11-26 15:42:54','2018-11-26 15:42:54'),(811,9.00,79,28,'2018-11-26 15:42:54','2018-11-26 15:42:54'),(812,10.00,80,28,'2018-11-26 15:42:54','2018-11-26 15:42:54'),(813,20.00,81,28,'2018-11-26 15:42:54','2018-11-26 15:42:54'),(814,5.00,82,28,'2018-11-26 15:42:54','2018-11-26 15:42:54'),(815,6.00,83,28,'2018-11-26 15:42:54','2018-11-26 15:42:54'),(816,6.00,84,28,'2018-11-26 15:42:54','2018-11-26 15:42:54'),(817,13.00,85,28,'2018-11-26 15:42:55','2018-11-26 15:42:55'),(818,13.00,86,28,'2018-11-26 15:42:55','2018-11-26 15:42:55'),(819,15.00,87,28,'2018-11-26 15:42:55','2018-11-26 15:42:55'),(820,15.00,88,28,'2018-11-26 15:42:55','2018-11-26 15:42:55'),(821,13.00,89,28,'2018-11-26 15:42:55','2018-11-26 15:42:55'),(822,11.00,90,28,'2018-11-26 15:42:55','2018-11-26 15:42:55'),(823,13.00,91,28,'2018-11-26 15:42:55','2018-11-26 15:42:55'),(824,14.00,92,28,'2018-11-26 15:42:55','2018-11-26 15:42:55'),(825,12.00,93,28,'2018-11-26 15:42:55','2018-11-26 15:42:55'),(826,10.00,94,28,'2018-11-26 15:42:56','2018-11-26 15:42:56'),(827,19.00,95,28,'2018-11-26 15:42:56','2018-11-26 15:42:56'),(828,12.00,96,28,'2018-11-26 15:42:56','2018-11-26 15:42:56'),(829,15.00,97,28,'2018-11-26 15:42:56','2018-11-26 15:42:56'),(830,7.00,98,28,'2018-11-26 15:42:56','2018-11-26 15:42:56'),(831,10.00,99,28,'2018-11-26 15:42:56','2018-11-26 15:42:56'),(832,12.00,100,28,'2018-11-26 15:42:56','2018-11-26 15:42:56'),(833,12.00,101,28,'2018-11-26 15:42:56','2018-11-26 15:42:56'),(834,19.00,102,28,'2018-11-26 15:42:56','2018-11-26 15:42:56'),(835,18.00,103,28,'2018-11-26 15:42:57','2018-11-26 15:42:57'),(836,9.00,104,28,'2018-11-26 15:42:57','2018-11-26 15:42:57'),(837,15.00,105,28,'2018-11-26 15:42:57','2018-11-26 15:42:57'),(838,13.00,106,28,'2018-11-26 15:42:57','2018-11-26 15:42:57'),(839,18.00,107,28,'2018-11-26 15:42:57','2018-11-26 15:42:57'),(840,8.00,108,28,'2018-11-26 15:42:57','2018-11-26 15:42:57'),(841,15.00,109,28,'2018-11-26 15:42:57','2018-11-26 15:42:57'),(842,5.00,110,28,'2018-11-26 15:42:57','2018-11-26 15:42:57'),(843,12.00,111,28,'2018-11-26 15:42:57','2018-11-26 15:42:57'),(844,16.00,112,28,'2018-11-26 15:42:57','2018-11-26 15:42:57'),(845,7.00,113,28,'2018-11-26 15:42:58','2018-11-26 15:42:58'),(846,12.00,114,28,'2018-11-26 15:42:58','2018-11-26 15:42:58'),(847,20.00,115,28,'2018-11-26 15:42:58','2018-11-26 15:42:58'),(848,15.00,116,28,'2018-11-26 15:42:58','2018-11-26 15:42:58'),(849,19.00,117,28,'2018-11-26 15:42:58','2018-11-26 15:42:58'),(850,15.00,118,28,'2018-11-26 15:42:58','2018-11-26 15:42:58'),(851,8.00,119,28,'2018-11-26 15:42:58','2018-11-26 15:42:58'),(852,10.00,120,28,'2018-11-26 15:42:58','2018-11-26 15:42:58'),(853,9.00,121,28,'2018-11-26 15:42:58','2018-11-26 15:42:58'),(854,15.00,122,28,'2018-11-26 15:42:58','2018-11-26 15:42:58'),(855,18.00,62,29,'2018-11-26 15:42:58','2018-11-26 15:42:58'),(856,6.00,63,29,'2018-11-26 15:42:58','2018-11-26 15:42:58'),(857,16.00,64,29,'2018-11-26 15:42:58','2018-11-26 15:42:58'),(858,8.00,65,29,'2018-11-26 15:42:58','2018-11-26 15:42:58'),(859,6.00,66,29,'2018-11-26 15:42:59','2018-11-26 15:42:59'),(860,19.00,67,29,'2018-11-26 15:42:59','2018-11-26 15:42:59'),(861,15.00,68,29,'2018-11-26 15:42:59','2018-11-26 15:42:59'),(862,20.00,69,29,'2018-11-26 15:42:59','2018-11-26 15:42:59'),(863,15.00,70,29,'2018-11-26 15:42:59','2018-11-26 15:42:59'),(864,13.00,71,29,'2018-11-26 15:42:59','2018-11-26 15:42:59'),(865,12.00,72,29,'2018-11-26 15:42:59','2018-11-26 15:42:59'),(866,7.00,73,29,'2018-11-26 15:42:59','2018-11-26 15:42:59'),(867,6.00,74,29,'2018-11-26 15:42:59','2018-11-26 15:42:59'),(868,12.00,75,29,'2018-11-26 15:42:59','2018-11-26 15:42:59'),(869,17.00,76,29,'2018-11-26 15:42:59','2018-11-26 15:42:59'),(870,12.00,77,29,'2018-11-26 15:42:59','2018-11-26 15:42:59'),(871,8.00,78,29,'2018-11-26 15:43:00','2018-11-26 15:43:00'),(872,5.00,79,29,'2018-11-26 15:43:00','2018-11-26 15:43:00'),(873,11.00,80,29,'2018-11-26 15:43:00','2018-11-26 15:43:00'),(874,7.00,81,29,'2018-11-26 15:43:00','2018-11-26 15:43:00'),(875,8.00,82,29,'2018-11-26 15:43:00','2018-11-26 15:43:00'),(876,18.00,83,29,'2018-11-26 15:43:00','2018-11-26 15:43:00'),(877,17.00,84,29,'2018-11-26 15:43:00','2018-11-26 15:43:00'),(878,15.00,85,29,'2018-11-26 15:43:00','2018-11-26 15:43:00'),(879,9.00,86,29,'2018-11-26 15:43:00','2018-11-26 15:43:00'),(880,13.00,87,29,'2018-11-26 15:43:00','2018-11-26 15:43:00'),(881,8.00,88,29,'2018-11-26 15:43:01','2018-11-26 15:43:01'),(882,5.00,89,29,'2018-11-26 15:43:01','2018-11-26 15:43:01'),(883,17.00,90,29,'2018-11-26 15:43:01','2018-11-26 15:43:01'),(884,8.00,91,29,'2018-11-26 15:43:01','2018-11-26 15:43:01'),(885,18.00,92,29,'2018-11-26 15:43:01','2018-11-26 15:43:01'),(886,17.00,93,29,'2018-11-26 15:43:01','2018-11-26 15:43:01'),(887,13.00,94,29,'2018-11-26 15:43:01','2018-11-26 15:43:01'),(888,12.00,95,29,'2018-11-26 15:43:01','2018-11-26 15:43:01'),(889,5.00,96,29,'2018-11-26 15:43:01','2018-11-26 15:43:01'),(890,8.00,97,29,'2018-11-26 15:43:01','2018-11-26 15:43:01'),(891,8.00,98,29,'2018-11-26 15:43:01','2018-11-26 15:43:01'),(892,20.00,99,29,'2018-11-26 15:43:01','2018-11-26 15:43:01'),(893,10.00,100,29,'2018-11-26 15:43:01','2018-11-26 15:43:01'),(894,13.00,101,29,'2018-11-26 15:43:02','2018-11-26 15:43:02'),(895,19.00,102,29,'2018-11-26 15:43:02','2018-11-26 15:43:02'),(896,10.00,103,29,'2018-11-26 15:43:02','2018-11-26 15:43:02'),(897,5.00,104,29,'2018-11-26 15:43:02','2018-11-26 15:43:02'),(898,13.00,105,29,'2018-11-26 15:43:02','2018-11-26 15:43:02'),(899,5.00,106,29,'2018-11-26 15:43:02','2018-11-26 15:43:02'),(900,16.00,107,29,'2018-11-26 15:43:02','2018-11-26 15:43:02'),(901,12.00,108,29,'2018-11-26 15:43:02','2018-11-26 15:43:02'),(902,19.00,109,29,'2018-11-26 15:43:02','2018-11-26 15:43:02'),(903,20.00,110,29,'2018-11-26 15:43:02','2018-11-26 15:43:02'),(904,14.00,111,29,'2018-11-26 15:43:02','2018-11-26 15:43:02'),(905,19.00,112,29,'2018-11-26 15:43:02','2018-11-26 15:43:02'),(906,16.00,113,29,'2018-11-26 15:43:02','2018-11-26 15:43:02'),(907,16.00,114,29,'2018-11-26 15:43:03','2018-11-26 15:43:03'),(908,13.00,115,29,'2018-11-26 15:43:03','2018-11-26 15:43:03'),(909,6.00,116,29,'2018-11-26 15:43:03','2018-11-26 15:43:03'),(910,7.00,117,29,'2018-11-26 15:43:03','2018-11-26 15:43:03'),(911,9.00,118,29,'2018-11-26 15:43:03','2018-11-26 15:43:03'),(912,8.00,119,29,'2018-11-26 15:43:03','2018-11-26 15:43:03'),(913,20.00,120,29,'2018-11-26 15:43:03','2018-11-26 15:43:03'),(914,7.00,121,29,'2018-11-26 15:43:03','2018-11-26 15:43:03'),(915,13.00,122,29,'2018-11-26 15:43:03','2018-11-26 15:43:03'),(916,13.00,62,30,'2018-11-26 15:43:03','2018-11-26 15:43:03'),(917,9.00,63,30,'2018-11-26 15:43:03','2018-11-26 15:43:03'),(918,8.00,64,30,'2018-11-26 15:43:03','2018-11-26 15:43:03'),(919,15.00,65,30,'2018-11-26 15:43:03','2018-11-26 15:43:03'),(920,6.00,66,30,'2018-11-26 15:43:04','2018-11-26 15:43:04'),(921,14.00,67,30,'2018-11-26 15:43:04','2018-11-26 15:43:04'),(922,20.00,68,30,'2018-11-26 15:43:04','2018-11-26 15:43:04'),(923,14.00,69,30,'2018-11-26 15:43:04','2018-11-26 15:43:04'),(924,20.00,70,30,'2018-11-26 15:43:04','2018-11-26 15:43:04'),(925,9.00,71,30,'2018-11-26 15:43:04','2018-11-26 15:43:04'),(926,13.00,72,30,'2018-11-26 15:43:04','2018-11-26 15:43:04'),(927,8.00,73,30,'2018-11-26 15:43:04','2018-11-26 15:43:04'),(928,19.00,74,30,'2018-11-26 15:43:04','2018-11-26 15:43:04'),(929,9.00,75,30,'2018-11-26 15:43:04','2018-11-26 15:43:04'),(930,16.00,76,30,'2018-11-26 15:43:04','2018-11-26 15:43:04'),(931,16.00,77,30,'2018-11-26 15:43:05','2018-11-26 15:43:05'),(932,16.00,78,30,'2018-11-26 15:43:05','2018-11-26 15:43:05'),(933,19.00,79,30,'2018-11-26 15:43:05','2018-11-26 15:43:05'),(934,11.00,80,30,'2018-11-26 15:43:05','2018-11-26 15:43:05'),(935,6.00,81,30,'2018-11-26 15:43:05','2018-11-26 15:43:05'),(936,10.00,82,30,'2018-11-26 15:43:05','2018-11-26 15:43:05'),(937,6.00,83,30,'2018-11-26 15:43:05','2018-11-26 15:43:05'),(938,6.00,84,30,'2018-11-26 15:43:05','2018-11-26 15:43:05'),(939,9.00,85,30,'2018-11-26 15:43:05','2018-11-26 15:43:05'),(940,20.00,86,30,'2018-11-26 15:43:05','2018-11-26 15:43:05'),(941,14.00,87,30,'2018-11-26 15:43:05','2018-11-26 15:43:05'),(942,8.00,88,30,'2018-11-26 15:43:05','2018-11-26 15:43:05'),(943,6.00,89,30,'2018-11-26 15:43:05','2018-11-26 15:43:05'),(944,7.00,90,30,'2018-11-26 15:43:06','2018-11-26 15:43:06'),(945,5.00,91,30,'2018-11-26 15:43:06','2018-11-26 15:43:06'),(946,11.00,92,30,'2018-11-26 15:43:06','2018-11-26 15:43:06'),(947,12.00,93,30,'2018-11-26 15:43:06','2018-11-26 15:43:06'),(948,19.00,94,30,'2018-11-26 15:43:06','2018-11-26 15:43:06'),(949,18.00,95,30,'2018-11-26 15:43:06','2018-11-26 15:43:06'),(950,18.00,96,30,'2018-11-26 15:43:06','2018-11-26 15:43:06'),(951,8.00,97,30,'2018-11-26 15:43:06','2018-11-26 15:43:06'),(952,7.00,98,30,'2018-11-26 15:43:06','2018-11-26 15:43:06'),(953,16.00,99,30,'2018-11-26 15:43:06','2018-11-26 15:43:06'),(954,9.00,100,30,'2018-11-26 15:43:06','2018-11-26 15:43:06'),(955,11.00,101,30,'2018-11-26 15:43:06','2018-11-26 15:43:06'),(956,10.00,102,30,'2018-11-26 15:43:06','2018-11-26 15:43:06'),(957,18.00,103,30,'2018-11-26 15:43:06','2018-11-26 15:43:06'),(958,13.00,104,30,'2018-11-26 15:43:07','2018-11-26 15:43:07'),(959,13.00,105,30,'2018-11-26 15:43:07','2018-11-26 15:43:07'),(960,10.00,106,30,'2018-11-26 15:43:07','2018-11-26 15:43:07'),(961,15.00,107,30,'2018-11-26 15:43:07','2018-11-26 15:43:07'),(962,11.00,108,30,'2018-11-26 15:43:07','2018-11-26 15:43:07'),(963,20.00,109,30,'2018-11-26 15:43:07','2018-11-26 15:43:07'),(964,9.00,110,30,'2018-11-26 15:43:07','2018-11-26 15:43:07'),(965,6.00,111,30,'2018-11-26 15:43:07','2018-11-26 15:43:07'),(966,16.00,112,30,'2018-11-26 15:43:07','2018-11-26 15:43:07'),(967,15.00,113,30,'2018-11-26 15:43:07','2018-11-26 15:43:07'),(968,6.00,114,30,'2018-11-26 15:43:07','2018-11-26 15:43:07'),(969,9.00,115,30,'2018-11-26 15:43:07','2018-11-26 15:43:07'),(970,20.00,116,30,'2018-11-26 15:43:07','2018-11-26 15:43:07'),(971,14.00,117,30,'2018-11-26 15:43:07','2018-11-26 15:43:07'),(972,12.00,118,30,'2018-11-26 15:43:07','2018-11-26 15:43:07'),(973,18.00,119,30,'2018-11-26 15:43:08','2018-11-26 15:43:08'),(974,19.00,120,30,'2018-11-26 15:43:08','2018-11-26 15:43:08'),(975,6.00,121,30,'2018-11-26 15:43:08','2018-11-26 15:43:08'),(976,20.00,122,30,'2018-11-26 15:43:08','2018-11-26 15:43:08'),(977,5.00,62,31,'2018-11-26 15:43:08','2018-11-26 15:43:08'),(978,7.00,63,31,'2018-11-26 15:43:08','2018-11-26 15:43:08'),(979,14.00,64,31,'2018-11-26 15:43:08','2018-11-26 15:43:08'),(980,17.00,65,31,'2018-11-26 15:43:08','2018-11-26 15:43:08'),(981,6.00,66,31,'2018-11-26 15:43:08','2018-11-26 15:43:08'),(982,10.00,67,31,'2018-11-26 15:43:08','2018-11-26 15:43:08'),(983,11.00,68,31,'2018-11-26 15:43:08','2018-11-26 15:43:08'),(984,8.00,69,31,'2018-11-26 15:43:08','2018-11-26 15:43:08'),(985,5.00,70,31,'2018-11-26 15:43:08','2018-11-26 15:43:08'),(986,7.00,71,31,'2018-11-26 15:43:08','2018-11-26 15:43:08'),(987,18.00,72,31,'2018-11-26 15:43:09','2018-11-26 15:43:09'),(988,12.00,73,31,'2018-11-26 15:43:09','2018-11-26 15:43:09'),(989,11.00,74,31,'2018-11-26 15:43:09','2018-11-26 15:43:09'),(990,9.00,75,31,'2018-11-26 15:43:09','2018-11-26 15:43:09'),(991,8.00,76,31,'2018-11-26 15:43:09','2018-11-26 15:43:09'),(992,17.00,77,31,'2018-11-26 15:43:09','2018-11-26 15:43:09'),(993,9.00,78,31,'2018-11-26 15:43:09','2018-11-26 15:43:09'),(994,16.00,79,31,'2018-11-26 15:43:09','2018-11-26 15:43:09'),(995,12.00,80,31,'2018-11-26 15:43:09','2018-11-26 15:43:09'),(996,11.00,81,31,'2018-11-26 15:43:09','2018-11-26 15:43:09'),(997,8.00,82,31,'2018-11-26 15:43:09','2018-11-26 15:43:09'),(998,19.00,83,31,'2018-11-26 15:43:09','2018-11-26 15:43:09'),(999,8.00,84,31,'2018-11-26 15:43:09','2018-11-26 15:43:09'),(1000,14.00,85,31,'2018-11-26 15:43:09','2018-11-26 15:43:09'),(1001,12.00,86,31,'2018-11-26 15:43:09','2018-11-26 15:43:09'),(1002,20.00,87,31,'2018-11-26 15:43:10','2018-11-26 15:43:10'),(1003,9.00,88,31,'2018-11-26 15:43:10','2018-11-26 15:43:10'),(1004,15.00,89,31,'2018-11-26 15:43:10','2018-11-26 15:43:10'),(1005,19.00,90,31,'2018-11-26 15:43:10','2018-11-26 15:43:10'),(1006,19.00,91,31,'2018-11-26 15:43:10','2018-11-26 15:43:10'),(1007,19.00,92,31,'2018-11-26 15:43:10','2018-11-26 15:43:10'),(1008,15.00,93,31,'2018-11-26 15:43:10','2018-11-26 15:43:10'),(1009,9.00,94,31,'2018-11-26 15:43:10','2018-11-26 15:43:10'),(1010,12.00,95,31,'2018-11-26 15:43:10','2018-11-26 15:43:10'),(1011,16.00,96,31,'2018-11-26 15:43:10','2018-11-26 15:43:10'),(1012,7.00,97,31,'2018-11-26 15:43:10','2018-11-26 15:43:10'),(1013,14.00,98,31,'2018-11-26 15:43:10','2018-11-26 15:43:10'),(1014,16.00,99,31,'2018-11-26 15:43:10','2018-11-26 15:43:10'),(1015,16.00,100,31,'2018-11-26 15:43:10','2018-11-26 15:43:10'),(1016,6.00,101,31,'2018-11-26 15:43:11','2018-11-26 15:43:11'),(1017,17.00,102,31,'2018-11-26 15:43:11','2018-11-26 15:43:11'),(1018,13.00,103,31,'2018-11-26 15:43:11','2018-11-26 15:43:11'),(1019,6.00,104,31,'2018-11-26 15:43:11','2018-11-26 15:43:11'),(1020,15.00,105,31,'2018-11-26 15:43:11','2018-11-26 15:43:11'),(1021,19.00,106,31,'2018-11-26 15:43:11','2018-11-26 15:43:11'),(1022,8.00,107,31,'2018-11-26 15:43:11','2018-11-26 15:43:11'),(1023,16.00,108,31,'2018-11-26 15:43:11','2018-11-26 15:43:11'),(1024,18.00,109,31,'2018-11-26 15:43:11','2018-11-26 15:43:11'),(1025,10.00,110,31,'2018-11-26 15:43:11','2018-11-26 15:43:11'),(1026,10.00,111,31,'2018-11-26 15:43:11','2018-11-26 15:43:11'),(1027,15.00,112,31,'2018-11-26 15:43:11','2018-11-26 15:43:11'),(1028,19.00,113,31,'2018-11-26 15:43:11','2018-11-26 15:43:11'),(1029,16.00,114,31,'2018-11-26 15:43:12','2018-11-26 15:43:12'),(1030,10.00,115,31,'2018-11-26 15:43:12','2018-11-26 15:43:12'),(1031,20.00,116,31,'2018-11-26 15:43:12','2018-11-26 15:43:12'),(1032,16.00,117,31,'2018-11-26 15:43:12','2018-11-26 15:43:12'),(1033,15.00,118,31,'2018-11-26 15:43:12','2018-11-26 15:43:12'),(1034,7.00,119,31,'2018-11-26 15:43:12','2018-11-26 15:43:12'),(1035,20.00,120,31,'2018-11-26 15:43:12','2018-11-26 15:43:12'),(1036,20.00,121,31,'2018-11-26 15:43:12','2018-11-26 15:43:12'),(1037,5.00,122,31,'2018-11-26 15:43:12','2018-11-26 15:43:12'),(1038,11.00,62,32,'2018-11-26 15:43:12','2018-11-26 15:43:12'),(1039,7.00,63,32,'2018-11-26 15:43:13','2018-11-26 15:43:13'),(1040,16.00,64,32,'2018-11-26 15:43:13','2018-11-26 15:43:13'),(1041,17.00,65,32,'2018-11-26 15:43:13','2018-11-26 15:43:13'),(1042,17.00,66,32,'2018-11-26 15:43:13','2018-11-26 15:43:13'),(1043,14.00,67,32,'2018-11-26 15:43:13','2018-11-26 15:43:13'),(1044,15.00,68,32,'2018-11-26 15:43:13','2018-11-26 15:43:13'),(1045,6.00,69,32,'2018-11-26 15:43:13','2018-11-26 15:43:13'),(1046,15.00,70,32,'2018-11-26 15:43:13','2018-11-26 15:43:13'),(1047,14.00,71,32,'2018-11-26 15:43:13','2018-11-26 15:43:13'),(1048,16.00,72,32,'2018-11-26 15:43:13','2018-11-26 15:43:13'),(1049,20.00,73,32,'2018-11-26 15:43:13','2018-11-26 15:43:13'),(1050,8.00,74,32,'2018-11-26 15:43:13','2018-11-26 15:43:13'),(1051,17.00,75,32,'2018-11-26 15:43:13','2018-11-26 15:43:13'),(1052,8.00,76,32,'2018-11-26 15:43:13','2018-11-26 15:43:13'),(1053,17.00,77,32,'2018-11-26 15:43:13','2018-11-26 15:43:13'),(1054,18.00,78,32,'2018-11-26 15:43:14','2018-11-26 15:43:14'),(1055,11.00,79,32,'2018-11-26 15:43:14','2018-11-26 15:43:14'),(1056,5.00,80,32,'2018-11-26 15:43:14','2018-11-26 15:43:14'),(1057,5.00,81,32,'2018-11-26 15:43:14','2018-11-26 15:43:14'),(1058,8.00,82,32,'2018-11-26 15:43:14','2018-11-26 15:43:14'),(1059,8.00,83,32,'2018-11-26 15:43:14','2018-11-26 15:43:14'),(1060,12.00,84,32,'2018-11-26 15:43:14','2018-11-26 15:43:14'),(1061,11.00,85,32,'2018-11-26 15:43:14','2018-11-26 15:43:14'),(1062,14.00,86,32,'2018-11-26 15:43:14','2018-11-26 15:43:14'),(1063,11.00,87,32,'2018-11-26 15:43:14','2018-11-26 15:43:14'),(1064,11.00,88,32,'2018-11-26 15:43:14','2018-11-26 15:43:14'),(1065,8.00,89,32,'2018-11-26 15:43:14','2018-11-26 15:43:14'),(1066,12.00,90,32,'2018-11-26 15:43:14','2018-11-26 15:43:14'),(1067,11.00,91,32,'2018-11-26 15:43:14','2018-11-26 15:43:14'),(1068,17.00,92,32,'2018-11-26 15:43:15','2018-11-26 15:43:15'),(1069,19.00,93,32,'2018-11-26 15:43:15','2018-11-26 15:43:15'),(1070,15.00,94,32,'2018-11-26 15:43:15','2018-11-26 15:43:15'),(1071,15.00,95,32,'2018-11-26 15:43:15','2018-11-26 15:43:15'),(1072,15.00,96,32,'2018-11-26 15:43:15','2018-11-26 15:43:15'),(1073,11.00,97,32,'2018-11-26 15:43:15','2018-11-26 15:43:15'),(1074,14.00,98,32,'2018-11-26 15:43:15','2018-11-26 15:43:15'),(1075,14.00,99,32,'2018-11-26 15:43:15','2018-11-26 15:43:15'),(1076,18.00,100,32,'2018-11-26 15:43:15','2018-11-26 15:43:15'),(1077,8.00,101,32,'2018-11-26 15:43:15','2018-11-26 15:43:15'),(1078,9.00,102,32,'2018-11-26 15:43:15','2018-11-26 15:43:15'),(1079,7.00,103,32,'2018-11-26 15:43:15','2018-11-26 15:43:15'),(1080,11.00,104,32,'2018-11-26 15:43:15','2018-11-26 15:43:15'),(1081,20.00,105,32,'2018-11-26 15:43:16','2018-11-26 15:43:16'),(1082,16.00,106,32,'2018-11-26 15:43:16','2018-11-26 15:43:16'),(1083,8.00,107,32,'2018-11-26 15:43:16','2018-11-26 15:43:16'),(1084,6.00,108,32,'2018-11-26 15:43:16','2018-11-26 15:43:16'),(1085,9.00,109,32,'2018-11-26 15:43:16','2018-11-26 15:43:16'),(1086,7.00,110,32,'2018-11-26 15:43:16','2018-11-26 15:43:16'),(1087,17.00,111,32,'2018-11-26 15:43:16','2018-11-26 15:43:16'),(1088,12.00,112,32,'2018-11-26 15:43:16','2018-11-26 15:43:16'),(1089,9.00,113,32,'2018-11-26 15:43:16','2018-11-26 15:43:16'),(1090,12.00,114,32,'2018-11-26 15:43:16','2018-11-26 15:43:16'),(1091,9.00,115,32,'2018-11-26 15:43:16','2018-11-26 15:43:16'),(1092,11.00,116,32,'2018-11-26 15:43:16','2018-11-26 15:43:16'),(1093,8.00,117,32,'2018-11-26 15:43:16','2018-11-26 15:43:16'),(1094,8.00,118,32,'2018-11-26 15:43:16','2018-11-26 15:43:16'),(1095,7.00,119,32,'2018-11-26 15:43:16','2018-11-26 15:43:16'),(1096,17.00,120,32,'2018-11-26 15:43:17','2018-11-26 15:43:17'),(1097,19.00,121,32,'2018-11-26 15:43:17','2018-11-26 15:43:17'),(1098,17.00,122,32,'2018-11-26 15:43:17','2018-11-26 15:43:17'),(1099,15.00,62,33,'2018-11-26 15:43:17','2018-11-26 15:43:17'),(1100,9.00,63,33,'2018-11-26 15:43:17','2018-11-26 15:43:17'),(1101,20.00,64,33,'2018-11-26 15:43:17','2018-11-26 15:43:17'),(1102,18.00,65,33,'2018-11-26 15:43:17','2018-11-26 15:43:17'),(1103,6.00,66,33,'2018-11-26 15:43:17','2018-11-26 15:43:17'),(1104,8.00,67,33,'2018-11-26 15:43:17','2018-11-26 15:43:17'),(1105,12.00,68,33,'2018-11-26 15:43:17','2018-11-26 15:43:17'),(1106,18.00,69,33,'2018-11-26 15:43:17','2018-11-26 15:43:17'),(1107,9.00,70,33,'2018-11-26 15:43:17','2018-11-26 15:43:17'),(1108,18.00,71,33,'2018-11-26 15:43:17','2018-11-26 15:43:17'),(1109,11.00,72,33,'2018-11-26 15:43:18','2018-11-26 15:43:18'),(1110,5.00,73,33,'2018-11-26 15:43:18','2018-11-26 15:43:18'),(1111,5.00,74,33,'2018-11-26 15:43:18','2018-11-26 15:43:18'),(1112,7.00,75,33,'2018-11-26 15:43:18','2018-11-26 15:43:18'),(1113,7.00,76,33,'2018-11-26 15:43:18','2018-11-26 15:43:18'),(1114,12.00,77,33,'2018-11-26 15:43:18','2018-11-26 15:43:18'),(1115,16.00,78,33,'2018-11-26 15:43:18','2018-11-26 15:43:18'),(1116,19.00,79,33,'2018-11-26 15:43:18','2018-11-26 15:43:18'),(1117,9.00,80,33,'2018-11-26 15:43:18','2018-11-26 15:43:18'),(1118,5.00,81,33,'2018-11-26 15:43:18','2018-11-26 15:43:18'),(1119,19.00,82,33,'2018-11-26 15:43:18','2018-11-26 15:43:18'),(1120,8.00,83,33,'2018-11-26 15:43:18','2018-11-26 15:43:18'),(1121,13.00,84,33,'2018-11-26 15:43:18','2018-11-26 15:43:18'),(1122,7.00,85,33,'2018-11-26 15:43:18','2018-11-26 15:43:18'),(1123,20.00,86,33,'2018-11-26 15:43:18','2018-11-26 15:43:18'),(1124,18.00,87,33,'2018-11-26 15:43:19','2018-11-26 15:43:19'),(1125,9.00,88,33,'2018-11-26 15:43:19','2018-11-26 15:43:19'),(1126,5.00,89,33,'2018-11-26 15:43:19','2018-11-26 15:43:19'),(1127,18.00,90,33,'2018-11-26 15:43:19','2018-11-26 15:43:19'),(1128,18.00,91,33,'2018-11-26 15:43:19','2018-11-26 15:43:19'),(1129,19.00,92,33,'2018-11-26 15:43:19','2018-11-26 15:43:19'),(1130,20.00,93,33,'2018-11-26 15:43:19','2018-11-26 15:43:19'),(1131,12.00,94,33,'2018-11-26 15:43:19','2018-11-26 15:43:19'),(1132,16.00,95,33,'2018-11-26 15:43:19','2018-11-26 15:43:19'),(1133,5.00,96,33,'2018-11-26 15:43:19','2018-11-26 15:43:19'),(1134,8.00,97,33,'2018-11-26 15:43:20','2018-11-26 15:43:20'),(1135,15.00,98,33,'2018-11-26 15:43:20','2018-11-26 15:43:20'),(1136,20.00,99,33,'2018-11-26 15:43:20','2018-11-26 15:43:20'),(1137,18.00,100,33,'2018-11-26 15:43:20','2018-11-26 15:43:20'),(1138,9.00,101,33,'2018-11-26 15:43:20','2018-11-26 15:43:20'),(1139,19.00,102,33,'2018-11-26 15:43:20','2018-11-26 15:43:20'),(1140,19.00,103,33,'2018-11-26 15:43:20','2018-11-26 15:43:20'),(1141,14.00,104,33,'2018-11-26 15:43:20','2018-11-26 15:43:20'),(1142,18.00,105,33,'2018-11-26 15:43:20','2018-11-26 15:43:20'),(1143,17.00,106,33,'2018-11-26 15:43:20','2018-11-26 15:43:20'),(1144,18.00,107,33,'2018-11-26 15:43:21','2018-11-26 15:43:21'),(1145,5.00,108,33,'2018-11-26 15:43:21','2018-11-26 15:43:21'),(1146,6.00,109,33,'2018-11-26 15:43:21','2018-11-26 15:43:21'),(1147,6.00,110,33,'2018-11-26 15:43:21','2018-11-26 15:43:21'),(1148,6.00,111,33,'2018-11-26 15:43:21','2018-11-26 15:43:21'),(1149,7.00,112,33,'2018-11-26 15:43:21','2018-11-26 15:43:21'),(1150,7.00,113,33,'2018-11-26 15:43:21','2018-11-26 15:43:21'),(1151,14.00,114,33,'2018-11-26 15:43:21','2018-11-26 15:43:21'),(1152,12.00,115,33,'2018-11-26 15:43:21','2018-11-26 15:43:21'),(1153,20.00,116,33,'2018-11-26 15:43:22','2018-11-26 15:43:22'),(1154,17.00,117,33,'2018-11-26 15:43:22','2018-11-26 15:43:22'),(1155,15.00,118,33,'2018-11-26 15:43:22','2018-11-26 15:43:22'),(1156,17.00,119,33,'2018-11-26 15:43:22','2018-11-26 15:43:22'),(1157,6.00,120,33,'2018-11-26 15:43:22','2018-11-26 15:43:22'),(1158,13.00,121,33,'2018-11-26 15:43:22','2018-11-26 15:43:22'),(1159,11.00,122,33,'2018-11-26 15:43:22','2018-11-26 15:43:22'),(1160,19.00,62,34,'2018-11-26 15:43:22','2018-11-26 15:43:22'),(1161,14.00,63,34,'2018-11-26 15:43:23','2018-11-26 15:43:23'),(1162,7.00,64,34,'2018-11-26 15:43:23','2018-11-26 15:43:23'),(1163,9.00,65,34,'2018-11-26 15:43:23','2018-11-26 15:43:23'),(1164,12.00,66,34,'2018-11-26 15:43:23','2018-11-26 15:43:23'),(1165,17.00,67,34,'2018-11-26 15:43:23','2018-11-26 15:43:23'),(1166,7.00,68,34,'2018-11-26 15:43:23','2018-11-26 15:43:23'),(1167,16.00,69,34,'2018-11-26 15:43:23','2018-11-26 15:43:23'),(1168,11.00,70,34,'2018-11-26 15:43:23','2018-11-26 15:43:23'),(1169,10.00,71,34,'2018-11-26 15:43:23','2018-11-26 15:43:23'),(1170,12.00,72,34,'2018-11-26 15:43:24','2018-11-26 15:43:24'),(1171,14.00,73,34,'2018-11-26 15:43:24','2018-11-26 15:43:24'),(1172,9.00,74,34,'2018-11-26 15:43:24','2018-11-26 15:43:24'),(1173,8.00,75,34,'2018-11-26 15:43:24','2018-11-26 15:43:24'),(1174,6.00,76,34,'2018-11-26 15:43:24','2018-11-26 15:43:24'),(1175,14.00,77,34,'2018-11-26 15:43:24','2018-11-26 15:43:24'),(1176,18.00,78,34,'2018-11-26 15:43:24','2018-11-26 15:43:24'),(1177,17.00,79,34,'2018-11-26 15:43:24','2018-11-26 15:43:24'),(1178,20.00,80,34,'2018-11-26 15:43:24','2018-11-26 15:43:24'),(1179,12.00,81,34,'2018-11-26 15:43:24','2018-11-26 15:43:24'),(1180,14.00,82,34,'2018-11-26 15:43:24','2018-11-26 15:43:24'),(1181,7.00,83,34,'2018-11-26 15:43:24','2018-11-26 15:43:24'),(1182,8.00,84,34,'2018-11-26 15:43:24','2018-11-26 15:43:24'),(1183,14.00,85,34,'2018-11-26 15:43:24','2018-11-26 15:43:24'),(1184,8.00,86,34,'2018-11-26 15:43:24','2018-11-26 15:43:24'),(1185,11.00,87,34,'2018-11-26 15:43:25','2018-11-26 15:43:25'),(1186,18.00,88,34,'2018-11-26 15:43:25','2018-11-26 15:43:25'),(1187,16.00,89,34,'2018-11-26 15:43:25','2018-11-26 15:43:25'),(1188,6.00,90,34,'2018-11-26 15:43:25','2018-11-26 15:43:25'),(1189,8.00,91,34,'2018-11-26 15:43:25','2018-11-26 15:43:25'),(1190,18.00,92,34,'2018-11-26 15:43:25','2018-11-26 15:43:25'),(1191,12.00,93,34,'2018-11-26 15:43:25','2018-11-26 15:43:25'),(1192,20.00,94,34,'2018-11-26 15:43:25','2018-11-26 15:43:25'),(1193,12.00,95,34,'2018-11-26 15:43:25','2018-11-26 15:43:25'),(1194,13.00,96,34,'2018-11-26 15:43:25','2018-11-26 15:43:25'),(1195,15.00,97,34,'2018-11-26 15:43:25','2018-11-26 15:43:25'),(1196,17.00,98,34,'2018-11-26 15:43:25','2018-11-26 15:43:25'),(1197,5.00,99,34,'2018-11-26 15:43:26','2018-11-26 15:43:26'),(1198,6.00,100,34,'2018-11-26 15:43:26','2018-11-26 15:43:26'),(1199,19.00,101,34,'2018-11-26 15:43:26','2018-11-26 15:43:26'),(1200,9.00,102,34,'2018-11-26 15:43:26','2018-11-26 15:43:26'),(1201,11.00,103,34,'2018-11-26 15:43:26','2018-11-26 15:43:26'),(1202,17.00,104,34,'2018-11-26 15:43:26','2018-11-26 15:43:26'),(1203,12.00,105,34,'2018-11-26 15:43:26','2018-11-26 15:43:26'),(1204,9.00,106,34,'2018-11-26 15:43:26','2018-11-26 15:43:26'),(1205,19.00,107,34,'2018-11-26 15:43:26','2018-11-26 15:43:26'),(1206,13.00,108,34,'2018-11-26 15:43:26','2018-11-26 15:43:26'),(1207,7.00,109,34,'2018-11-26 15:43:26','2018-11-26 15:43:26'),(1208,13.00,110,34,'2018-11-26 15:43:26','2018-11-26 15:43:26'),(1209,8.00,111,34,'2018-11-26 15:43:27','2018-11-26 15:43:27'),(1210,12.00,112,34,'2018-11-26 15:43:27','2018-11-26 15:43:27'),(1211,17.00,113,34,'2018-11-26 15:43:27','2018-11-26 15:43:27'),(1212,13.00,114,34,'2018-11-26 15:43:27','2018-11-26 15:43:27'),(1213,18.00,115,34,'2018-11-26 15:43:27','2018-11-26 15:43:27'),(1214,14.00,116,34,'2018-11-26 15:43:27','2018-11-26 15:43:27'),(1215,18.00,117,34,'2018-11-26 15:43:27','2018-11-26 15:43:27'),(1216,16.00,118,34,'2018-11-26 15:43:27','2018-11-26 15:43:27'),(1217,12.00,119,34,'2018-11-26 15:43:27','2018-11-26 15:43:27'),(1218,5.00,120,34,'2018-11-26 15:43:27','2018-11-26 15:43:27'),(1219,13.00,121,34,'2018-11-26 15:43:28','2018-11-26 15:43:28'),(1220,17.00,122,34,'2018-11-26 15:43:28','2018-11-26 15:43:28'),(1221,18.00,62,35,'2018-11-26 15:43:28','2018-11-26 15:43:28'),(1222,17.00,63,35,'2018-11-26 15:43:28','2018-11-26 15:43:28'),(1223,18.00,64,35,'2018-11-26 15:43:28','2018-11-26 15:43:28'),(1224,6.00,65,35,'2018-11-26 15:43:28','2018-11-26 15:43:28'),(1225,11.00,66,35,'2018-11-26 15:43:28','2018-11-26 15:43:28'),(1226,17.00,67,35,'2018-11-26 15:43:28','2018-11-26 15:43:28'),(1227,10.00,68,35,'2018-11-26 15:43:28','2018-11-26 15:43:28'),(1228,10.00,69,35,'2018-11-26 15:43:28','2018-11-26 15:43:28'),(1229,8.00,70,35,'2018-11-26 15:43:28','2018-11-26 15:43:28'),(1230,6.00,71,35,'2018-11-26 15:43:29','2018-11-26 15:43:29'),(1231,6.00,72,35,'2018-11-26 15:43:29','2018-11-26 15:43:29'),(1232,11.00,73,35,'2018-11-26 15:43:29','2018-11-26 15:43:29'),(1233,18.00,74,35,'2018-11-26 15:43:29','2018-11-26 15:43:29'),(1234,7.00,75,35,'2018-11-26 15:43:29','2018-11-26 15:43:29'),(1235,5.00,76,35,'2018-11-26 15:43:29','2018-11-26 15:43:29'),(1236,10.00,77,35,'2018-11-26 15:43:29','2018-11-26 15:43:29'),(1237,5.00,78,35,'2018-11-26 15:43:29','2018-11-26 15:43:29'),(1238,15.00,79,35,'2018-11-26 15:43:29','2018-11-26 15:43:29'),(1239,14.00,80,35,'2018-11-26 15:43:29','2018-11-26 15:43:29'),(1240,13.00,81,35,'2018-11-26 15:43:30','2018-11-26 15:43:30'),(1241,20.00,82,35,'2018-11-26 15:43:30','2018-11-26 15:43:30'),(1242,18.00,83,35,'2018-11-26 15:43:30','2018-11-26 15:43:30'),(1243,6.00,84,35,'2018-11-26 15:43:30','2018-11-26 15:43:30'),(1244,5.00,85,35,'2018-11-26 15:43:30','2018-11-26 15:43:30'),(1245,9.00,86,35,'2018-11-26 15:43:30','2018-11-26 15:43:30'),(1246,7.00,87,35,'2018-11-26 15:43:30','2018-11-26 15:43:30'),(1247,20.00,88,35,'2018-11-26 15:43:30','2018-11-26 15:43:30'),(1248,14.00,89,35,'2018-11-26 15:43:31','2018-11-26 15:43:31'),(1249,18.00,90,35,'2018-11-26 15:43:31','2018-11-26 15:43:31'),(1250,7.00,91,35,'2018-11-26 15:43:31','2018-11-26 15:43:31'),(1251,7.00,92,35,'2018-11-26 15:43:31','2018-11-26 15:43:31'),(1252,16.00,93,35,'2018-11-26 15:43:31','2018-11-26 15:43:31'),(1253,8.00,94,35,'2018-11-26 15:43:31','2018-11-26 15:43:31'),(1254,8.00,95,35,'2018-11-26 15:43:31','2018-11-26 15:43:31'),(1255,11.00,96,35,'2018-11-26 15:43:31','2018-11-26 15:43:31'),(1256,18.00,97,35,'2018-11-26 15:43:31','2018-11-26 15:43:31'),(1257,20.00,98,35,'2018-11-26 15:43:31','2018-11-26 15:43:31'),(1258,14.00,99,35,'2018-11-26 15:43:31','2018-11-26 15:43:31'),(1259,12.00,100,35,'2018-11-26 15:43:32','2018-11-26 15:43:32'),(1260,17.00,101,35,'2018-11-26 15:43:32','2018-11-26 15:43:32'),(1261,15.00,102,35,'2018-11-26 15:43:32','2018-11-26 15:43:32'),(1262,16.00,103,35,'2018-11-26 15:43:32','2018-11-26 15:43:32'),(1263,18.00,104,35,'2018-11-26 15:43:32','2018-11-26 15:43:32'),(1264,8.00,105,35,'2018-11-26 15:43:32','2018-11-26 15:43:32'),(1265,11.00,106,35,'2018-11-26 15:43:32','2018-11-26 15:43:32'),(1266,16.00,107,35,'2018-11-26 15:43:32','2018-11-26 15:43:32'),(1267,9.00,108,35,'2018-11-26 15:43:32','2018-11-26 15:43:32'),(1268,8.00,109,35,'2018-11-26 15:43:32','2018-11-26 15:43:32'),(1269,18.00,110,35,'2018-11-26 15:43:32','2018-11-26 15:43:32'),(1270,9.00,111,35,'2018-11-26 15:43:32','2018-11-26 15:43:32'),(1271,10.00,112,35,'2018-11-26 15:43:32','2018-11-26 15:43:32'),(1272,9.00,113,35,'2018-11-26 15:43:33','2018-11-26 15:43:33'),(1273,7.00,114,35,'2018-11-26 15:43:33','2018-11-26 15:43:33'),(1274,16.00,115,35,'2018-11-26 15:43:33','2018-11-26 15:43:33'),(1275,10.00,116,35,'2018-11-26 15:43:33','2018-11-26 15:43:33'),(1276,10.00,117,35,'2018-11-26 15:43:33','2018-11-26 15:43:33'),(1277,14.00,118,35,'2018-11-26 15:43:33','2018-11-26 15:43:33'),(1278,20.00,119,35,'2018-11-26 15:43:33','2018-11-26 15:43:33'),(1279,10.00,120,35,'2018-11-26 15:43:33','2018-11-26 15:43:33'),(1280,9.00,121,35,'2018-11-26 15:43:33','2018-11-26 15:43:33'),(1281,9.00,122,35,'2018-11-26 15:43:33','2018-11-26 15:43:33'),(1282,20.00,62,36,'2018-11-26 15:43:33','2018-11-26 15:43:33'),(1283,14.00,63,36,'2018-11-26 15:43:34','2018-11-26 15:43:34'),(1284,19.00,64,36,'2018-11-26 15:43:34','2018-11-26 15:43:34'),(1285,6.00,65,36,'2018-11-26 15:43:34','2018-11-26 15:43:34'),(1286,16.00,66,36,'2018-11-26 15:43:34','2018-11-26 15:43:34'),(1287,11.00,67,36,'2018-11-26 15:43:34','2018-11-26 15:43:34'),(1288,14.00,68,36,'2018-11-26 15:43:34','2018-11-26 15:43:34'),(1289,12.00,69,36,'2018-11-26 15:43:34','2018-11-26 15:43:34'),(1290,6.00,70,36,'2018-11-26 15:43:34','2018-11-26 15:43:34'),(1291,10.00,71,36,'2018-11-26 15:43:34','2018-11-26 15:43:34'),(1292,5.00,72,36,'2018-11-26 15:43:34','2018-11-26 15:43:34'),(1293,7.00,73,36,'2018-11-26 15:43:35','2018-11-26 15:43:35'),(1294,9.00,74,36,'2018-11-26 15:43:35','2018-11-26 15:43:35'),(1295,15.00,75,36,'2018-11-26 15:43:35','2018-11-26 15:43:35'),(1296,10.00,76,36,'2018-11-26 15:43:35','2018-11-26 15:43:35'),(1297,7.00,77,36,'2018-11-26 15:43:35','2018-11-26 15:43:35'),(1298,8.00,78,36,'2018-11-26 15:43:35','2018-11-26 15:43:35'),(1299,9.00,79,36,'2018-11-26 15:43:35','2018-11-26 15:43:35'),(1300,10.00,80,36,'2018-11-26 15:43:35','2018-11-26 15:43:35'),(1301,6.00,81,36,'2018-11-26 15:43:35','2018-11-26 15:43:35'),(1302,7.00,82,36,'2018-11-26 15:43:36','2018-11-26 15:43:36'),(1303,20.00,83,36,'2018-11-26 15:43:36','2018-11-26 15:43:36'),(1304,18.00,84,36,'2018-11-26 15:43:36','2018-11-26 15:43:36'),(1305,7.00,85,36,'2018-11-26 15:43:36','2018-11-26 15:43:36'),(1306,20.00,86,36,'2018-11-26 15:43:36','2018-11-26 15:43:36'),(1307,8.00,87,36,'2018-11-26 15:43:36','2018-11-26 15:43:36'),(1308,10.00,88,36,'2018-11-26 15:43:36','2018-11-26 15:43:36'),(1309,17.00,89,36,'2018-11-26 15:43:36','2018-11-26 15:43:36'),(1310,8.00,90,36,'2018-11-26 15:43:36','2018-11-26 15:43:36'),(1311,8.00,91,36,'2018-11-26 15:43:36','2018-11-26 15:43:36'),(1312,8.00,92,36,'2018-11-26 15:43:37','2018-11-26 15:43:37'),(1313,14.00,93,36,'2018-11-26 15:43:37','2018-11-26 15:43:37'),(1314,19.00,94,36,'2018-11-26 15:43:37','2018-11-26 15:43:37'),(1315,13.00,95,36,'2018-11-26 15:43:37','2018-11-26 15:43:37'),(1316,5.00,96,36,'2018-11-26 15:43:37','2018-11-26 15:43:37'),(1317,15.00,97,36,'2018-11-26 15:43:37','2018-11-26 15:43:37'),(1318,19.00,98,36,'2018-11-26 15:43:37','2018-11-26 15:43:37'),(1319,6.00,99,36,'2018-11-26 15:43:37','2018-11-26 15:43:37'),(1320,13.00,100,36,'2018-11-26 15:43:37','2018-11-26 15:43:37'),(1321,16.00,101,36,'2018-11-26 15:43:38','2018-11-26 15:43:38'),(1322,5.00,102,36,'2018-11-26 15:43:38','2018-11-26 15:43:38'),(1323,14.00,103,36,'2018-11-26 15:43:38','2018-11-26 15:43:38'),(1324,16.00,104,36,'2018-11-26 15:43:38','2018-11-26 15:43:38'),(1325,16.00,105,36,'2018-11-26 15:43:38','2018-11-26 15:43:38'),(1326,15.00,106,36,'2018-11-26 15:43:38','2018-11-26 15:43:38'),(1327,11.00,107,36,'2018-11-26 15:43:38','2018-11-26 15:43:38'),(1328,19.00,108,36,'2018-11-26 15:43:38','2018-11-26 15:43:38'),(1329,11.00,109,36,'2018-11-26 15:43:38','2018-11-26 15:43:38'),(1330,12.00,110,36,'2018-11-26 15:43:38','2018-11-26 15:43:38'),(1331,5.00,111,36,'2018-11-26 15:43:39','2018-11-26 15:43:39'),(1332,10.00,112,36,'2018-11-26 15:43:39','2018-11-26 15:43:39'),(1333,20.00,113,36,'2018-11-26 15:43:39','2018-11-26 15:43:39'),(1334,5.00,114,36,'2018-11-26 15:43:39','2018-11-26 15:43:39'),(1335,20.00,115,36,'2018-11-26 15:43:39','2018-11-26 15:43:39'),(1336,15.00,116,36,'2018-11-26 15:43:39','2018-11-26 15:43:39'),(1337,17.00,117,36,'2018-11-26 15:43:39','2018-11-26 15:43:39'),(1338,16.00,118,36,'2018-11-26 15:43:39','2018-11-26 15:43:39'),(1339,18.00,119,36,'2018-11-26 15:43:39','2018-11-26 15:43:39'),(1340,5.00,120,36,'2018-11-26 15:43:40','2018-11-26 15:43:40'),(1341,5.00,121,36,'2018-11-26 15:43:40','2018-11-26 15:43:40'),(1342,8.00,122,36,'2018-11-26 15:43:40','2018-11-26 15:43:40'),(1343,16.00,62,37,'2018-11-26 15:43:40','2018-11-26 15:43:40'),(1344,12.00,63,37,'2018-11-26 15:43:40','2018-11-26 15:43:40'),(1345,14.00,64,37,'2018-11-26 15:43:40','2018-11-26 15:43:40'),(1346,8.00,65,37,'2018-11-26 15:43:40','2018-11-26 15:43:40'),(1347,11.00,66,37,'2018-11-26 15:43:40','2018-11-26 15:43:40'),(1348,10.00,67,37,'2018-11-26 15:43:40','2018-11-26 15:43:40'),(1349,5.00,68,37,'2018-11-26 15:43:40','2018-11-26 15:43:40'),(1350,9.00,69,37,'2018-11-26 15:43:40','2018-11-26 15:43:40'),(1351,18.00,70,37,'2018-11-26 15:43:41','2018-11-26 15:43:41'),(1352,20.00,71,37,'2018-11-26 15:43:41','2018-11-26 15:43:41'),(1353,15.00,72,37,'2018-11-26 15:43:41','2018-11-26 15:43:41'),(1354,19.00,73,37,'2018-11-26 15:43:41','2018-11-26 15:43:41'),(1355,20.00,74,37,'2018-11-26 15:43:41','2018-11-26 15:43:41'),(1356,17.00,75,37,'2018-11-26 15:43:41','2018-11-26 15:43:41'),(1357,18.00,76,37,'2018-11-26 15:43:41','2018-11-26 15:43:41'),(1358,18.00,77,37,'2018-11-26 15:43:41','2018-11-26 15:43:41'),(1359,18.00,78,37,'2018-11-26 15:43:41','2018-11-26 15:43:41'),(1360,5.00,79,37,'2018-11-26 15:43:42','2018-11-26 15:43:42'),(1361,14.00,80,37,'2018-11-26 15:43:42','2018-11-26 15:43:42'),(1362,16.00,81,37,'2018-11-26 15:43:42','2018-11-26 15:43:42'),(1363,18.00,82,37,'2018-11-26 15:43:42','2018-11-26 15:43:42'),(1364,19.00,83,37,'2018-11-26 15:43:42','2018-11-26 15:43:42'),(1365,15.00,84,37,'2018-11-26 15:43:42','2018-11-26 15:43:42'),(1366,16.00,85,37,'2018-11-26 15:43:42','2018-11-26 15:43:42'),(1367,8.00,86,37,'2018-11-26 15:43:42','2018-11-26 15:43:42'),(1368,16.00,87,37,'2018-11-26 15:43:42','2018-11-26 15:43:42'),(1369,20.00,88,37,'2018-11-26 15:43:42','2018-11-26 15:43:42'),(1370,11.00,89,37,'2018-11-26 15:43:42','2018-11-26 15:43:42'),(1371,10.00,90,37,'2018-11-26 15:43:42','2018-11-26 15:43:42'),(1372,18.00,91,37,'2018-11-26 15:43:42','2018-11-26 15:43:42'),(1373,17.00,92,37,'2018-11-26 15:43:43','2018-11-26 15:43:43'),(1374,9.00,93,37,'2018-11-26 15:43:43','2018-11-26 15:43:43'),(1375,15.00,94,37,'2018-11-26 15:43:43','2018-11-26 15:43:43'),(1376,6.00,95,37,'2018-11-26 15:43:43','2018-11-26 15:43:43'),(1377,8.00,96,37,'2018-11-26 15:43:43','2018-11-26 15:43:43'),(1378,17.00,97,37,'2018-11-26 15:43:43','2018-11-26 15:43:43'),(1379,16.00,98,37,'2018-11-26 15:43:43','2018-11-26 15:43:43'),(1380,8.00,99,37,'2018-11-26 15:43:43','2018-11-26 15:43:43'),(1381,9.00,100,37,'2018-11-26 15:43:43','2018-11-26 15:43:43'),(1382,12.00,101,37,'2018-11-26 15:43:44','2018-11-26 15:43:44'),(1383,16.00,102,37,'2018-11-26 15:43:44','2018-11-26 15:43:44'),(1384,17.00,103,37,'2018-11-26 15:43:44','2018-11-26 15:43:44'),(1385,12.00,104,37,'2018-11-26 15:43:44','2018-11-26 15:43:44'),(1386,9.00,105,37,'2018-11-26 15:43:44','2018-11-26 15:43:44'),(1387,10.00,106,37,'2018-11-26 15:43:44','2018-11-26 15:43:44'),(1388,14.00,107,37,'2018-11-26 15:43:44','2018-11-26 15:43:44'),(1389,12.00,108,37,'2018-11-26 15:43:44','2018-11-26 15:43:44'),(1390,7.00,109,37,'2018-11-26 15:43:44','2018-11-26 15:43:44'),(1391,18.00,110,37,'2018-11-26 15:43:44','2018-11-26 15:43:44'),(1392,11.00,111,37,'2018-11-26 15:43:44','2018-11-26 15:43:44'),(1393,8.00,112,37,'2018-11-26 15:43:44','2018-11-26 15:43:44'),(1394,15.00,113,37,'2018-11-26 15:43:44','2018-11-26 15:43:44'),(1395,19.00,114,37,'2018-11-26 15:43:44','2018-11-26 15:43:44'),(1396,16.00,115,37,'2018-11-26 15:43:45','2018-11-26 15:43:45'),(1397,10.00,116,37,'2018-11-26 15:43:45','2018-11-26 15:43:45'),(1398,11.00,117,37,'2018-11-26 15:43:45','2018-11-26 15:43:45'),(1399,8.00,118,37,'2018-11-26 15:43:45','2018-11-26 15:43:45'),(1400,20.00,119,37,'2018-11-26 15:43:45','2018-11-26 15:43:45'),(1401,16.00,120,37,'2018-11-26 15:43:45','2018-11-26 15:43:45'),(1402,12.00,121,37,'2018-11-26 15:43:45','2018-11-26 15:43:45'),(1403,16.00,122,37,'2018-11-26 15:43:45','2018-11-26 15:43:45'),(1404,18.00,62,38,'2018-11-26 15:43:45','2018-11-26 15:43:45'),(1405,17.00,63,38,'2018-11-26 15:43:45','2018-11-26 15:43:45'),(1406,17.00,64,38,'2018-11-26 15:43:45','2018-11-26 15:43:45'),(1407,13.00,65,38,'2018-11-26 15:43:45','2018-11-26 15:43:45'),(1408,14.00,66,38,'2018-11-26 15:43:46','2018-11-26 15:43:46'),(1409,6.00,67,38,'2018-11-26 15:43:46','2018-11-26 15:43:46'),(1410,11.00,68,38,'2018-11-26 15:43:46','2018-11-26 15:43:46'),(1411,15.00,69,38,'2018-11-26 15:43:46','2018-11-26 15:43:46'),(1412,15.00,70,38,'2018-11-26 15:43:46','2018-11-26 15:43:46'),(1413,17.00,71,38,'2018-11-26 15:43:46','2018-11-26 15:43:46'),(1414,15.00,72,38,'2018-11-26 15:43:46','2018-11-26 15:43:46'),(1415,7.00,73,38,'2018-11-26 15:43:46','2018-11-26 15:43:46'),(1416,7.00,74,38,'2018-11-26 15:43:46','2018-11-26 15:43:46'),(1417,9.00,75,38,'2018-11-26 15:43:46','2018-11-26 15:43:46'),(1418,17.00,76,38,'2018-11-26 15:43:46','2018-11-26 15:43:46'),(1419,8.00,77,38,'2018-11-26 15:43:46','2018-11-26 15:43:46'),(1420,8.00,78,38,'2018-11-26 15:43:46','2018-11-26 15:43:46'),(1421,5.00,79,38,'2018-11-26 15:43:47','2018-11-26 15:43:47'),(1422,17.00,80,38,'2018-11-26 15:43:47','2018-11-26 15:43:47'),(1423,11.00,81,38,'2018-11-26 15:43:47','2018-11-26 15:43:47'),(1424,15.00,82,38,'2018-11-26 15:43:47','2018-11-26 15:43:47'),(1425,18.00,83,38,'2018-11-26 15:43:47','2018-11-26 15:43:47'),(1426,5.00,84,38,'2018-11-26 15:43:47','2018-11-26 15:43:47'),(1427,6.00,85,38,'2018-11-26 15:43:47','2018-11-26 15:43:47'),(1428,20.00,86,38,'2018-11-26 15:43:47','2018-11-26 15:43:47'),(1429,16.00,87,38,'2018-11-26 15:43:47','2018-11-26 15:43:47'),(1430,14.00,88,38,'2018-11-26 15:43:47','2018-11-26 15:43:47'),(1431,15.00,89,38,'2018-11-26 15:43:47','2018-11-26 15:43:47'),(1432,6.00,90,38,'2018-11-26 15:43:47','2018-11-26 15:43:47'),(1433,7.00,91,38,'2018-11-26 15:43:47','2018-11-26 15:43:47'),(1434,14.00,92,38,'2018-11-26 15:43:48','2018-11-26 15:43:48'),(1435,14.00,93,38,'2018-11-26 15:43:48','2018-11-26 15:43:48'),(1436,8.00,94,38,'2018-11-26 15:43:48','2018-11-26 15:43:48'),(1437,14.00,95,38,'2018-11-26 15:43:48','2018-11-26 15:43:48'),(1438,17.00,96,38,'2018-11-26 15:43:48','2018-11-26 15:43:48'),(1439,15.00,97,38,'2018-11-26 15:43:48','2018-11-26 15:43:48'),(1440,15.00,98,38,'2018-11-26 15:43:48','2018-11-26 15:43:48'),(1441,15.00,99,38,'2018-11-26 15:43:48','2018-11-26 15:43:48'),(1442,15.00,100,38,'2018-11-26 15:43:48','2018-11-26 15:43:48'),(1443,16.00,101,38,'2018-11-26 15:43:48','2018-11-26 15:43:48'),(1444,9.00,102,38,'2018-11-26 15:43:48','2018-11-26 15:43:48'),(1445,19.00,103,38,'2018-11-26 15:43:48','2018-11-26 15:43:48'),(1446,8.00,104,38,'2018-11-26 15:43:48','2018-11-26 15:43:48'),(1447,20.00,105,38,'2018-11-26 15:43:48','2018-11-26 15:43:48'),(1448,8.00,106,38,'2018-11-26 15:43:49','2018-11-26 15:43:49'),(1449,13.00,107,38,'2018-11-26 15:43:49','2018-11-26 15:43:49'),(1450,8.00,108,38,'2018-11-26 15:43:49','2018-11-26 15:43:49'),(1451,8.00,109,38,'2018-11-26 15:43:49','2018-11-26 15:43:49'),(1452,8.00,110,38,'2018-11-26 15:43:49','2018-11-26 15:43:49'),(1453,19.00,111,38,'2018-11-26 15:43:49','2018-11-26 15:43:49'),(1454,8.00,112,38,'2018-11-26 15:43:49','2018-11-26 15:43:49'),(1455,16.00,113,38,'2018-11-26 15:43:49','2018-11-26 15:43:49'),(1456,15.00,114,38,'2018-11-26 15:43:49','2018-11-26 15:43:49'),(1457,17.00,115,38,'2018-11-26 15:43:49','2018-11-26 15:43:49'),(1458,15.00,116,38,'2018-11-26 15:43:49','2018-11-26 15:43:49'),(1459,17.00,117,38,'2018-11-26 15:43:49','2018-11-26 15:43:49'),(1460,13.00,118,38,'2018-11-26 15:43:49','2018-11-26 15:43:49'),(1461,20.00,119,38,'2018-11-26 15:43:49','2018-11-26 15:43:49'),(1462,17.00,120,38,'2018-11-26 15:43:50','2018-11-26 15:43:50'),(1463,9.00,121,38,'2018-11-26 15:43:50','2018-11-26 15:43:50'),(1464,17.00,122,38,'2018-11-26 15:43:50','2018-11-26 15:43:50'),(1465,5.00,62,39,'2018-11-26 15:43:50','2018-11-26 15:43:50'),(1466,17.00,63,39,'2018-11-26 15:43:50','2018-11-26 15:43:50'),(1467,12.00,64,39,'2018-11-26 15:43:50','2018-11-26 15:43:50'),(1468,15.00,65,39,'2018-11-26 15:43:50','2018-11-26 15:43:50'),(1469,9.00,66,39,'2018-11-26 15:43:50','2018-11-26 15:43:50'),(1470,8.00,67,39,'2018-11-26 15:43:50','2018-11-26 15:43:50'),(1471,15.00,68,39,'2018-11-26 15:43:50','2018-11-26 15:43:50'),(1472,6.00,69,39,'2018-11-26 15:43:50','2018-11-26 15:43:50'),(1473,17.00,70,39,'2018-11-26 15:43:50','2018-11-26 15:43:50'),(1474,18.00,71,39,'2018-11-26 15:43:50','2018-11-26 15:43:50'),(1475,18.00,72,39,'2018-11-26 15:43:50','2018-11-26 15:43:50'),(1476,13.00,73,39,'2018-11-26 15:43:51','2018-11-26 15:43:51'),(1477,6.00,74,39,'2018-11-26 15:43:51','2018-11-26 15:43:51'),(1478,9.00,75,39,'2018-11-26 15:43:51','2018-11-26 15:43:51'),(1479,13.00,76,39,'2018-11-26 15:43:51','2018-11-26 15:43:51'),(1480,11.00,77,39,'2018-11-26 15:43:51','2018-11-26 15:43:51'),(1481,14.00,78,39,'2018-11-26 15:43:51','2018-11-26 15:43:51'),(1482,17.00,79,39,'2018-11-26 15:43:51','2018-11-26 15:43:51'),(1483,7.00,80,39,'2018-11-26 15:43:51','2018-11-26 15:43:51'),(1484,18.00,81,39,'2018-11-26 15:43:51','2018-11-26 15:43:51'),(1485,11.00,82,39,'2018-11-26 15:43:51','2018-11-26 15:43:51'),(1486,20.00,83,39,'2018-11-26 15:43:51','2018-11-26 15:43:51'),(1487,5.00,84,39,'2018-11-26 15:43:52','2018-11-26 15:43:52'),(1488,12.00,85,39,'2018-11-26 15:43:52','2018-11-26 15:43:52'),(1489,10.00,86,39,'2018-11-26 15:43:52','2018-11-26 15:43:52'),(1490,13.00,87,39,'2018-11-26 15:43:52','2018-11-26 15:43:52'),(1491,8.00,88,39,'2018-11-26 15:43:52','2018-11-26 15:43:52'),(1492,5.00,89,39,'2018-11-26 15:43:52','2018-11-26 15:43:52'),(1493,8.00,90,39,'2018-11-26 15:43:52','2018-11-26 15:43:52'),(1494,6.00,91,39,'2018-11-26 15:43:52','2018-11-26 15:43:52'),(1495,13.00,92,39,'2018-11-26 15:43:52','2018-11-26 15:43:52'),(1496,9.00,93,39,'2018-11-26 15:43:52','2018-11-26 15:43:52'),(1497,9.00,94,39,'2018-11-26 15:43:52','2018-11-26 15:43:52'),(1498,11.00,95,39,'2018-11-26 15:43:52','2018-11-26 15:43:52'),(1499,17.00,96,39,'2018-11-26 15:43:53','2018-11-26 15:43:53'),(1500,9.00,97,39,'2018-11-26 15:43:53','2018-11-26 15:43:53'),(1501,15.00,98,39,'2018-11-26 15:43:53','2018-11-26 15:43:53'),(1502,16.00,99,39,'2018-11-26 15:43:53','2018-11-26 15:43:53'),(1503,12.00,100,39,'2018-11-26 15:43:53','2018-11-26 15:43:53'),(1504,5.00,101,39,'2018-11-26 15:43:53','2018-11-26 15:43:53'),(1505,14.00,102,39,'2018-11-26 15:43:53','2018-11-26 15:43:53'),(1506,9.00,103,39,'2018-11-26 15:43:53','2018-11-26 15:43:53'),(1507,20.00,104,39,'2018-11-26 15:43:53','2018-11-26 15:43:53'),(1508,12.00,105,39,'2018-11-26 15:43:53','2018-11-26 15:43:53'),(1509,20.00,106,39,'2018-11-26 15:43:53','2018-11-26 15:43:53'),(1510,14.00,107,39,'2018-11-26 15:43:53','2018-11-26 15:43:53'),(1511,8.00,108,39,'2018-11-26 15:43:53','2018-11-26 15:43:53'),(1512,17.00,109,39,'2018-11-26 15:43:53','2018-11-26 15:43:53'),(1513,13.00,110,39,'2018-11-26 15:43:53','2018-11-26 15:43:53'),(1514,14.00,111,39,'2018-11-26 15:43:54','2018-11-26 15:43:54'),(1515,19.00,112,39,'2018-11-26 15:43:54','2018-11-26 15:43:54'),(1516,17.00,113,39,'2018-11-26 15:43:54','2018-11-26 15:43:54'),(1517,18.00,114,39,'2018-11-26 15:43:54','2018-11-26 15:43:54'),(1518,19.00,115,39,'2018-11-26 15:43:54','2018-11-26 15:43:54'),(1519,18.00,116,39,'2018-11-26 15:43:54','2018-11-26 15:43:54'),(1520,5.00,117,39,'2018-11-26 15:43:54','2018-11-26 15:43:54'),(1521,13.00,118,39,'2018-11-26 15:43:54','2018-11-26 15:43:54'),(1522,16.00,119,39,'2018-11-26 15:43:54','2018-11-26 15:43:54'),(1523,5.00,120,39,'2018-11-26 15:43:54','2018-11-26 15:43:54'),(1524,11.00,121,39,'2018-11-26 15:43:54','2018-11-26 15:43:54'),(1525,6.00,122,39,'2018-11-26 15:43:54','2018-11-26 15:43:54'),(1526,13.00,62,40,'2018-11-26 15:43:55','2018-11-26 15:43:55'),(1527,11.00,63,40,'2018-11-26 15:43:55','2018-11-26 15:43:55'),(1528,8.00,64,40,'2018-11-26 15:43:55','2018-11-26 15:43:55'),(1529,14.00,65,40,'2018-11-26 15:43:55','2018-11-26 15:43:55'),(1530,10.00,66,40,'2018-11-26 15:43:55','2018-11-26 15:43:55'),(1531,19.00,67,40,'2018-11-26 15:43:55','2018-11-26 15:43:55'),(1532,7.00,68,40,'2018-11-26 15:43:55','2018-11-26 15:43:55'),(1533,11.00,69,40,'2018-11-26 15:43:55','2018-11-26 15:43:55'),(1534,5.00,70,40,'2018-11-26 15:43:55','2018-11-26 15:43:55'),(1535,12.00,71,40,'2018-11-26 15:43:55','2018-11-26 15:43:55'),(1536,20.00,72,40,'2018-11-26 15:43:55','2018-11-26 15:43:55'),(1537,5.00,73,40,'2018-11-26 15:43:55','2018-11-26 15:43:55'),(1538,5.00,74,40,'2018-11-26 15:43:56','2018-11-26 15:43:56'),(1539,5.00,75,40,'2018-11-26 15:43:56','2018-11-26 15:43:56'),(1540,16.00,76,40,'2018-11-26 15:43:56','2018-11-26 15:43:56'),(1541,12.00,77,40,'2018-11-26 15:43:56','2018-11-26 15:43:56'),(1542,8.00,78,40,'2018-11-26 15:43:56','2018-11-26 15:43:56'),(1543,5.00,79,40,'2018-11-26 15:43:56','2018-11-26 15:43:56'),(1544,7.00,80,40,'2018-11-26 15:43:57','2018-11-26 15:43:57'),(1545,19.00,81,40,'2018-11-26 15:43:57','2018-11-26 15:43:57'),(1546,14.00,82,40,'2018-11-26 15:43:57','2018-11-26 15:43:57'),(1547,16.00,83,40,'2018-11-26 15:43:57','2018-11-26 15:43:57'),(1548,11.00,84,40,'2018-11-26 15:43:57','2018-11-26 15:43:57'),(1549,11.00,85,40,'2018-11-26 15:43:57','2018-11-26 15:43:57'),(1550,8.00,86,40,'2018-11-26 15:43:57','2018-11-26 15:43:57'),(1551,15.00,87,40,'2018-11-26 15:43:57','2018-11-26 15:43:57'),(1552,13.00,88,40,'2018-11-26 15:43:57','2018-11-26 15:43:57'),(1553,9.00,89,40,'2018-11-26 15:43:58','2018-11-26 15:43:58'),(1554,17.00,90,40,'2018-11-26 15:43:58','2018-11-26 15:43:58'),(1555,13.00,91,40,'2018-11-26 15:43:58','2018-11-26 15:43:58'),(1556,13.00,92,40,'2018-11-26 15:43:58','2018-11-26 15:43:58'),(1557,17.00,93,40,'2018-11-26 15:43:58','2018-11-26 15:43:58'),(1558,9.00,94,40,'2018-11-26 15:43:58','2018-11-26 15:43:58'),(1559,8.00,95,40,'2018-11-26 15:43:58','2018-11-26 15:43:58'),(1560,14.00,96,40,'2018-11-26 15:43:58','2018-11-26 15:43:58'),(1561,8.00,97,40,'2018-11-26 15:43:58','2018-11-26 15:43:58'),(1562,16.00,98,40,'2018-11-26 15:43:58','2018-11-26 15:43:58'),(1563,11.00,99,40,'2018-11-26 15:43:58','2018-11-26 15:43:58'),(1564,13.00,100,40,'2018-11-26 15:43:58','2018-11-26 15:43:58'),(1565,12.00,101,40,'2018-11-26 15:43:59','2018-11-26 15:43:59'),(1566,7.00,102,40,'2018-11-26 15:43:59','2018-11-26 15:43:59'),(1567,19.00,103,40,'2018-11-26 15:43:59','2018-11-26 15:43:59'),(1568,19.00,104,40,'2018-11-26 15:43:59','2018-11-26 15:43:59'),(1569,5.00,105,40,'2018-11-26 15:43:59','2018-11-26 15:43:59'),(1570,15.00,106,40,'2018-11-26 15:43:59','2018-11-26 15:43:59'),(1571,16.00,107,40,'2018-11-26 15:43:59','2018-11-26 15:43:59'),(1572,15.00,108,40,'2018-11-26 15:43:59','2018-11-26 15:43:59'),(1573,9.00,109,40,'2018-11-26 15:43:59','2018-11-26 15:43:59'),(1574,9.00,110,40,'2018-11-26 15:43:59','2018-11-26 15:43:59'),(1575,16.00,111,40,'2018-11-26 15:43:59','2018-11-26 15:43:59'),(1576,13.00,112,40,'2018-11-26 15:43:59','2018-11-26 15:43:59'),(1577,14.00,113,40,'2018-11-26 15:43:59','2018-11-26 15:43:59'),(1578,10.00,114,40,'2018-11-26 15:43:59','2018-11-26 15:43:59'),(1579,7.00,115,40,'2018-11-26 15:44:00','2018-11-26 15:44:00'),(1580,11.00,116,40,'2018-11-26 15:44:00','2018-11-26 15:44:00'),(1581,15.00,117,40,'2018-11-26 15:44:00','2018-11-26 15:44:00'),(1582,12.00,118,40,'2018-11-26 15:44:00','2018-11-26 15:44:00'),(1583,10.00,119,40,'2018-11-26 15:44:00','2018-11-26 15:44:00'),(1584,15.00,120,40,'2018-11-26 15:44:00','2018-11-26 15:44:00'),(1585,6.00,121,40,'2018-11-26 15:44:00','2018-11-26 15:44:00'),(1586,9.00,122,40,'2018-11-26 15:44:00','2018-11-26 15:44:00'),(1587,7.00,62,41,'2018-11-26 15:44:00','2018-11-26 15:44:00'),(1588,17.00,63,41,'2018-11-26 15:44:00','2018-11-26 15:44:00'),(1589,11.00,64,41,'2018-11-26 15:44:00','2018-11-26 15:44:00'),(1590,17.00,65,41,'2018-11-26 15:44:00','2018-11-26 15:44:00'),(1591,14.00,66,41,'2018-11-26 15:44:01','2018-11-26 15:44:01'),(1592,20.00,67,41,'2018-11-26 15:44:01','2018-11-26 15:44:01'),(1593,12.00,68,41,'2018-11-26 15:44:01','2018-11-26 15:44:01'),(1594,10.00,69,41,'2018-11-26 15:44:01','2018-11-26 15:44:01'),(1595,9.00,70,41,'2018-11-26 15:44:01','2018-11-26 15:44:01'),(1596,12.00,71,41,'2018-11-26 15:44:01','2018-11-26 15:44:01'),(1597,16.00,72,41,'2018-11-26 15:44:01','2018-11-26 15:44:01'),(1598,15.00,73,41,'2018-11-26 15:44:01','2018-11-26 15:44:01'),(1599,19.00,74,41,'2018-11-26 15:44:01','2018-11-26 15:44:01'),(1600,18.00,75,41,'2018-11-26 15:44:01','2018-11-26 15:44:01'),(1601,17.00,76,41,'2018-11-26 15:44:01','2018-11-26 15:44:01'),(1602,9.00,77,41,'2018-11-26 15:44:01','2018-11-26 15:44:01'),(1603,10.00,78,41,'2018-11-26 15:44:01','2018-11-26 15:44:01'),(1604,17.00,79,41,'2018-11-26 15:44:02','2018-11-26 15:44:02'),(1605,18.00,80,41,'2018-11-26 15:44:02','2018-11-26 15:44:02'),(1606,6.00,81,41,'2018-11-26 15:44:02','2018-11-26 15:44:02'),(1607,20.00,82,41,'2018-11-26 15:44:02','2018-11-26 15:44:02'),(1608,18.00,83,41,'2018-11-26 15:44:02','2018-11-26 15:44:02'),(1609,11.00,84,41,'2018-11-26 15:44:02','2018-11-26 15:44:02'),(1610,20.00,85,41,'2018-11-26 15:44:02','2018-11-26 15:44:02'),(1611,19.00,86,41,'2018-11-26 15:44:02','2018-11-26 15:44:02'),(1612,12.00,87,41,'2018-11-26 15:44:02','2018-11-26 15:44:02'),(1613,12.00,88,41,'2018-11-26 15:44:02','2018-11-26 15:44:02'),(1614,18.00,89,41,'2018-11-26 15:44:02','2018-11-26 15:44:02'),(1615,10.00,90,41,'2018-11-26 15:44:02','2018-11-26 15:44:02'),(1616,13.00,91,41,'2018-11-26 15:44:02','2018-11-26 15:44:02'),(1617,8.00,92,41,'2018-11-26 15:44:02','2018-11-26 15:44:02'),(1618,12.00,93,41,'2018-11-26 15:44:02','2018-11-26 15:44:02'),(1619,18.00,94,41,'2018-11-26 15:44:02','2018-11-26 15:44:02'),(1620,5.00,95,41,'2018-11-26 15:44:02','2018-11-26 15:44:02'),(1621,10.00,96,41,'2018-11-26 15:44:03','2018-11-26 15:44:03'),(1622,16.00,97,41,'2018-11-26 15:44:03','2018-11-26 15:44:03'),(1623,11.00,98,41,'2018-11-26 15:44:03','2018-11-26 15:44:03'),(1624,19.00,99,41,'2018-11-26 15:44:03','2018-11-26 15:44:03'),(1625,20.00,100,41,'2018-11-26 15:44:03','2018-11-26 15:44:03'),(1626,15.00,101,41,'2018-11-26 15:44:03','2018-11-26 15:44:03'),(1627,15.00,102,41,'2018-11-26 15:44:03','2018-11-26 15:44:03'),(1628,20.00,103,41,'2018-11-26 15:44:03','2018-11-26 15:44:03'),(1629,14.00,104,41,'2018-11-26 15:44:03','2018-11-26 15:44:03'),(1630,17.00,105,41,'2018-11-26 15:44:03','2018-11-26 15:44:03'),(1631,13.00,106,41,'2018-11-26 15:44:03','2018-11-26 15:44:03'),(1632,9.00,107,41,'2018-11-26 15:44:03','2018-11-26 15:44:03'),(1633,18.00,108,41,'2018-11-26 15:44:03','2018-11-26 15:44:03'),(1634,15.00,109,41,'2018-11-26 15:44:03','2018-11-26 15:44:03'),(1635,11.00,110,41,'2018-11-26 15:44:04','2018-11-26 15:44:04'),(1636,12.00,111,41,'2018-11-26 15:44:04','2018-11-26 15:44:04'),(1637,19.00,112,41,'2018-11-26 15:44:04','2018-11-26 15:44:04'),(1638,17.00,113,41,'2018-11-26 15:44:04','2018-11-26 15:44:04'),(1639,15.00,114,41,'2018-11-26 15:44:04','2018-11-26 15:44:04'),(1640,9.00,115,41,'2018-11-26 15:44:04','2018-11-26 15:44:04'),(1641,9.00,116,41,'2018-11-26 15:44:04','2018-11-26 15:44:04'),(1642,7.00,117,41,'2018-11-26 15:44:05','2018-11-26 15:44:05'),(1643,10.00,118,41,'2018-11-26 15:44:05','2018-11-26 15:44:05'),(1644,11.00,119,41,'2018-11-26 15:44:05','2018-11-26 15:44:05'),(1645,19.00,120,41,'2018-11-26 15:44:05','2018-11-26 15:44:05'),(1646,15.00,121,41,'2018-11-26 15:44:05','2018-11-26 15:44:05'),(1647,19.00,122,41,'2018-11-26 15:44:05','2018-11-26 15:44:05'),(1648,15.00,62,42,'2018-11-26 15:44:05','2018-11-26 15:44:05'),(1649,11.00,63,42,'2018-11-26 15:44:05','2018-11-26 15:44:05'),(1650,20.00,64,42,'2018-11-26 15:44:05','2018-11-26 15:44:05'),(1651,11.00,65,42,'2018-11-26 15:44:06','2018-11-26 15:44:06'),(1652,6.00,66,42,'2018-11-26 15:44:06','2018-11-26 15:44:06'),(1653,7.00,67,42,'2018-11-26 15:44:06','2018-11-26 15:44:06'),(1654,18.00,68,42,'2018-11-26 15:44:06','2018-11-26 15:44:06'),(1655,18.00,69,42,'2018-11-26 15:44:06','2018-11-26 15:44:06'),(1656,16.00,70,42,'2018-11-26 15:44:06','2018-11-26 15:44:06'),(1657,12.00,71,42,'2018-11-26 15:44:06','2018-11-26 15:44:06'),(1658,17.00,72,42,'2018-11-26 15:44:06','2018-11-26 15:44:06'),(1659,15.00,73,42,'2018-11-26 15:44:06','2018-11-26 15:44:06'),(1660,7.00,74,42,'2018-11-26 15:44:06','2018-11-26 15:44:06'),(1661,10.00,75,42,'2018-11-26 15:44:07','2018-11-26 15:44:07'),(1662,17.00,76,42,'2018-11-26 15:44:07','2018-11-26 15:44:07'),(1663,12.00,77,42,'2018-11-26 15:44:07','2018-11-26 15:44:07'),(1664,16.00,78,42,'2018-11-26 15:44:07','2018-11-26 15:44:07'),(1665,9.00,79,42,'2018-11-26 15:44:07','2018-11-26 15:44:07'),(1666,8.00,80,42,'2018-11-26 15:44:07','2018-11-26 15:44:07'),(1667,13.00,81,42,'2018-11-26 15:44:07','2018-11-26 15:44:07'),(1668,16.00,82,42,'2018-11-26 15:44:07','2018-11-26 15:44:07'),(1669,15.00,83,42,'2018-11-26 15:44:08','2018-11-26 15:44:08'),(1670,20.00,84,42,'2018-11-26 15:44:08','2018-11-26 15:44:08'),(1671,18.00,85,42,'2018-11-26 15:44:08','2018-11-26 15:44:08'),(1672,5.00,86,42,'2018-11-26 15:44:08','2018-11-26 15:44:08'),(1673,14.00,87,42,'2018-11-26 15:44:08','2018-11-26 15:44:08'),(1674,17.00,88,42,'2018-11-26 15:44:08','2018-11-26 15:44:08'),(1675,8.00,89,42,'2018-11-26 15:44:08','2018-11-26 15:44:08'),(1676,20.00,90,42,'2018-11-26 15:44:08','2018-11-26 15:44:08'),(1677,20.00,91,42,'2018-11-26 15:44:08','2018-11-26 15:44:08'),(1678,12.00,92,42,'2018-11-26 15:44:08','2018-11-26 15:44:08'),(1679,17.00,93,42,'2018-11-26 15:44:08','2018-11-26 15:44:08'),(1680,10.00,94,42,'2018-11-26 15:44:08','2018-11-26 15:44:08'),(1681,20.00,95,42,'2018-11-26 15:44:09','2018-11-26 15:44:09'),(1682,6.00,96,42,'2018-11-26 15:44:09','2018-11-26 15:44:09'),(1683,11.00,97,42,'2018-11-26 15:44:09','2018-11-26 15:44:09'),(1684,11.00,98,42,'2018-11-26 15:44:09','2018-11-26 15:44:09'),(1685,14.00,99,42,'2018-11-26 15:44:09','2018-11-26 15:44:09'),(1686,6.00,100,42,'2018-11-26 15:44:09','2018-11-26 15:44:09'),(1687,20.00,101,42,'2018-11-26 15:44:09','2018-11-26 15:44:09'),(1688,20.00,102,42,'2018-11-26 15:44:09','2018-11-26 15:44:09'),(1689,12.00,103,42,'2018-11-26 15:44:09','2018-11-26 15:44:09'),(1690,10.00,104,42,'2018-11-26 15:44:09','2018-11-26 15:44:09'),(1691,15.00,105,42,'2018-11-26 15:44:10','2018-11-26 15:44:10'),(1692,17.00,106,42,'2018-11-26 15:44:10','2018-11-26 15:44:10'),(1693,11.00,107,42,'2018-11-26 15:44:10','2018-11-26 15:44:10'),(1694,9.00,108,42,'2018-11-26 15:44:10','2018-11-26 15:44:10'),(1695,20.00,109,42,'2018-11-26 15:44:10','2018-11-26 15:44:10'),(1696,7.00,110,42,'2018-11-26 15:44:10','2018-11-26 15:44:10'),(1697,13.00,111,42,'2018-11-26 15:44:10','2018-11-26 15:44:10'),(1698,7.00,112,42,'2018-11-26 15:44:10','2018-11-26 15:44:10'),(1699,8.00,113,42,'2018-11-26 15:44:10','2018-11-26 15:44:10'),(1700,12.00,114,42,'2018-11-26 15:44:11','2018-11-26 15:44:11'),(1701,8.00,115,42,'2018-11-26 15:44:11','2018-11-26 15:44:11'),(1702,7.00,116,42,'2018-11-26 15:44:11','2018-11-26 15:44:11'),(1703,19.00,117,42,'2018-11-26 15:44:11','2018-11-26 15:44:11'),(1704,5.00,118,42,'2018-11-26 15:44:11','2018-11-26 15:44:11'),(1705,7.00,119,42,'2018-11-26 15:44:11','2018-11-26 15:44:11'),(1706,11.00,120,42,'2018-11-26 15:44:11','2018-11-26 15:44:11'),(1707,18.00,121,42,'2018-11-26 15:44:11','2018-11-26 15:44:11'),(1708,12.00,122,42,'2018-11-26 15:44:11','2018-11-26 15:44:11'),(1709,13.00,62,43,'2018-11-26 15:44:11','2018-11-26 15:44:11'),(1710,14.00,63,43,'2018-11-26 15:44:11','2018-11-26 15:44:11'),(1711,18.00,64,43,'2018-11-26 15:44:11','2018-11-26 15:44:11'),(1712,20.00,65,43,'2018-11-26 15:44:12','2018-11-26 15:44:12'),(1713,10.00,66,43,'2018-11-26 15:44:12','2018-11-26 15:44:12'),(1714,16.00,67,43,'2018-11-26 15:44:12','2018-11-26 15:44:12'),(1715,5.00,68,43,'2018-11-26 15:44:12','2018-11-26 15:44:12'),(1716,10.00,69,43,'2018-11-26 15:44:12','2018-11-26 15:44:12'),(1717,18.00,70,43,'2018-11-26 15:44:12','2018-11-26 15:44:12'),(1718,14.00,71,43,'2018-11-26 15:44:12','2018-11-26 15:44:12'),(1719,15.00,72,43,'2018-11-26 15:44:12','2018-11-26 15:44:12'),(1720,12.00,73,43,'2018-11-26 15:44:12','2018-11-26 15:44:12'),(1721,18.00,74,43,'2018-11-26 15:44:12','2018-11-26 15:44:12'),(1722,19.00,75,43,'2018-11-26 15:44:13','2018-11-26 15:44:13'),(1723,5.00,76,43,'2018-11-26 15:44:13','2018-11-26 15:44:13'),(1724,11.00,77,43,'2018-11-26 15:44:13','2018-11-26 15:44:13'),(1725,5.00,78,43,'2018-11-26 15:44:13','2018-11-26 15:44:13'),(1726,14.00,79,43,'2018-11-26 15:44:13','2018-11-26 15:44:13'),(1727,19.00,80,43,'2018-11-26 15:44:13','2018-11-26 15:44:13'),(1728,8.00,81,43,'2018-11-26 15:44:13','2018-11-26 15:44:13'),(1729,12.00,82,43,'2018-11-26 15:44:13','2018-11-26 15:44:13'),(1730,14.00,83,43,'2018-11-26 15:44:13','2018-11-26 15:44:13'),(1731,8.00,84,43,'2018-11-26 15:44:13','2018-11-26 15:44:13'),(1732,10.00,85,43,'2018-11-26 15:44:13','2018-11-26 15:44:13'),(1733,14.00,86,43,'2018-11-26 15:44:13','2018-11-26 15:44:13'),(1734,6.00,87,43,'2018-11-26 15:44:13','2018-11-26 15:44:13'),(1735,7.00,88,43,'2018-11-26 15:44:13','2018-11-26 15:44:13'),(1736,9.00,89,43,'2018-11-26 15:44:13','2018-11-26 15:44:13'),(1737,8.00,90,43,'2018-11-26 15:44:13','2018-11-26 15:44:13'),(1738,17.00,91,43,'2018-11-26 15:44:14','2018-11-26 15:44:14'),(1739,9.00,92,43,'2018-11-26 15:44:14','2018-11-26 15:44:14'),(1740,18.00,93,43,'2018-11-26 15:44:14','2018-11-26 15:44:14'),(1741,7.00,94,43,'2018-11-26 15:44:14','2018-11-26 15:44:14'),(1742,6.00,95,43,'2018-11-26 15:44:14','2018-11-26 15:44:14'),(1743,14.00,96,43,'2018-11-26 15:44:14','2018-11-26 15:44:14'),(1744,14.00,97,43,'2018-11-26 15:44:14','2018-11-26 15:44:14'),(1745,20.00,98,43,'2018-11-26 15:44:14','2018-11-26 15:44:14'),(1746,17.00,99,43,'2018-11-26 15:44:14','2018-11-26 15:44:14'),(1747,20.00,100,43,'2018-11-26 15:44:14','2018-11-26 15:44:14'),(1748,8.00,101,43,'2018-11-26 15:44:14','2018-11-26 15:44:14'),(1749,5.00,102,43,'2018-11-26 15:44:14','2018-11-26 15:44:14'),(1750,10.00,103,43,'2018-11-26 15:44:14','2018-11-26 15:44:14'),(1751,20.00,104,43,'2018-11-26 15:44:14','2018-11-26 15:44:14'),(1752,18.00,105,43,'2018-11-26 15:44:15','2018-11-26 15:44:15'),(1753,7.00,106,43,'2018-11-26 15:44:15','2018-11-26 15:44:15'),(1754,18.00,107,43,'2018-11-26 15:44:15','2018-11-26 15:44:15'),(1755,18.00,108,43,'2018-11-26 15:44:15','2018-11-26 15:44:15'),(1756,5.00,109,43,'2018-11-26 15:44:15','2018-11-26 15:44:15'),(1757,9.00,110,43,'2018-11-26 15:44:15','2018-11-26 15:44:15'),(1758,12.00,111,43,'2018-11-26 15:44:15','2018-11-26 15:44:15'),(1759,13.00,112,43,'2018-11-26 15:44:15','2018-11-26 15:44:15'),(1760,15.00,113,43,'2018-11-26 15:44:15','2018-11-26 15:44:15'),(1761,12.00,114,43,'2018-11-26 15:44:15','2018-11-26 15:44:15'),(1762,8.00,115,43,'2018-11-26 15:44:15','2018-11-26 15:44:15'),(1763,7.00,116,43,'2018-11-26 15:44:15','2018-11-26 15:44:15'),(1764,15.00,117,43,'2018-11-26 15:44:15','2018-11-26 15:44:15'),(1765,8.00,118,43,'2018-11-26 15:44:16','2018-11-26 15:44:16'),(1766,5.00,119,43,'2018-11-26 15:44:16','2018-11-26 15:44:16'),(1767,16.00,120,43,'2018-11-26 15:44:16','2018-11-26 15:44:16'),(1768,6.00,121,43,'2018-11-26 15:44:16','2018-11-26 15:44:16'),(1769,18.00,122,43,'2018-11-26 15:44:16','2018-11-26 15:44:16'),(1770,7.00,62,44,'2018-11-26 15:44:16','2018-11-26 15:44:16'),(1771,5.00,63,44,'2018-11-26 15:44:16','2018-11-26 15:44:16'),(1772,20.00,64,44,'2018-11-26 15:44:16','2018-11-26 15:44:16'),(1773,11.00,65,44,'2018-11-26 15:44:16','2018-11-26 15:44:16'),(1774,16.00,66,44,'2018-11-26 15:44:16','2018-11-26 15:44:16'),(1775,19.00,67,44,'2018-11-26 15:44:16','2018-11-26 15:44:16'),(1776,17.00,68,44,'2018-11-26 15:44:16','2018-11-26 15:44:16'),(1777,19.00,69,44,'2018-11-26 15:44:17','2018-11-26 15:44:17'),(1778,10.00,70,44,'2018-11-26 15:44:17','2018-11-26 15:44:17'),(1779,16.00,71,44,'2018-11-26 15:44:17','2018-11-26 15:44:17'),(1780,15.00,72,44,'2018-11-26 15:44:17','2018-11-26 15:44:17'),(1781,13.00,73,44,'2018-11-26 15:44:17','2018-11-26 15:44:17'),(1782,5.00,74,44,'2018-11-26 15:44:17','2018-11-26 15:44:17'),(1783,11.00,75,44,'2018-11-26 15:44:17','2018-11-26 15:44:17'),(1784,6.00,76,44,'2018-11-26 15:44:17','2018-11-26 15:44:17'),(1785,16.00,77,44,'2018-11-26 15:44:17','2018-11-26 15:44:17'),(1786,14.00,78,44,'2018-11-26 15:44:17','2018-11-26 15:44:17'),(1787,8.00,79,44,'2018-11-26 15:44:17','2018-11-26 15:44:17'),(1788,7.00,80,44,'2018-11-26 15:44:17','2018-11-26 15:44:17'),(1789,11.00,81,44,'2018-11-26 15:44:17','2018-11-26 15:44:17'),(1790,20.00,82,44,'2018-11-26 15:44:17','2018-11-26 15:44:17'),(1791,18.00,83,44,'2018-11-26 15:44:17','2018-11-26 15:44:17'),(1792,14.00,84,44,'2018-11-26 15:44:18','2018-11-26 15:44:18'),(1793,17.00,85,44,'2018-11-26 15:44:18','2018-11-26 15:44:18'),(1794,10.00,86,44,'2018-11-26 15:44:18','2018-11-26 15:44:18'),(1795,5.00,87,44,'2018-11-26 15:44:18','2018-11-26 15:44:18'),(1796,6.00,88,44,'2018-11-26 15:44:18','2018-11-26 15:44:18'),(1797,7.00,89,44,'2018-11-26 15:44:18','2018-11-26 15:44:18'),(1798,12.00,90,44,'2018-11-26 15:44:18','2018-11-26 15:44:18'),(1799,12.00,91,44,'2018-11-26 15:44:18','2018-11-26 15:44:18'),(1800,11.00,92,44,'2018-11-26 15:44:18','2018-11-26 15:44:18'),(1801,8.00,93,44,'2018-11-26 15:44:18','2018-11-26 15:44:18'),(1802,14.00,94,44,'2018-11-26 15:44:18','2018-11-26 15:44:18'),(1803,15.00,95,44,'2018-11-26 15:44:18','2018-11-26 15:44:18'),(1804,9.00,96,44,'2018-11-26 15:44:19','2018-11-26 15:44:19'),(1805,14.00,97,44,'2018-11-26 15:44:19','2018-11-26 15:44:19'),(1806,15.00,98,44,'2018-11-26 15:44:19','2018-11-26 15:44:19'),(1807,15.00,99,44,'2018-11-26 15:44:19','2018-11-26 15:44:19'),(1808,8.00,100,44,'2018-11-26 15:44:19','2018-11-26 15:44:19'),(1809,12.00,101,44,'2018-11-26 15:44:19','2018-11-26 15:44:19'),(1810,12.00,102,44,'2018-11-26 15:44:19','2018-11-26 15:44:19'),(1811,19.00,103,44,'2018-11-26 15:44:19','2018-11-26 15:44:19'),(1812,10.00,104,44,'2018-11-26 15:44:19','2018-11-26 15:44:19'),(1813,12.00,105,44,'2018-11-26 15:44:19','2018-11-26 15:44:19'),(1814,5.00,106,44,'2018-11-26 15:44:19','2018-11-26 15:44:19'),(1815,18.00,107,44,'2018-11-26 15:44:19','2018-11-26 15:44:19'),(1816,9.00,108,44,'2018-11-26 15:44:19','2018-11-26 15:44:19'),(1817,10.00,109,44,'2018-11-26 15:44:20','2018-11-26 15:44:20'),(1818,19.00,110,44,'2018-11-26 15:44:20','2018-11-26 15:44:20'),(1819,7.00,111,44,'2018-11-26 15:44:20','2018-11-26 15:44:20'),(1820,17.00,112,44,'2018-11-26 15:44:20','2018-11-26 15:44:20'),(1821,7.00,113,44,'2018-11-26 15:44:20','2018-11-26 15:44:20'),(1822,7.00,114,44,'2018-11-26 15:44:20','2018-11-26 15:44:20'),(1823,10.00,115,44,'2018-11-26 15:44:20','2018-11-26 15:44:20'),(1824,19.00,116,44,'2018-11-26 15:44:20','2018-11-26 15:44:20'),(1825,11.00,117,44,'2018-11-26 15:44:20','2018-11-26 15:44:20'),(1826,20.00,118,44,'2018-11-26 15:44:20','2018-11-26 15:44:20'),(1827,17.00,119,44,'2018-11-26 15:44:20','2018-11-26 15:44:20'),(1828,14.00,120,44,'2018-11-26 15:44:20','2018-11-26 15:44:20'),(1829,9.00,121,44,'2018-11-26 15:44:20','2018-11-26 15:44:20'),(1830,6.00,122,44,'2018-11-26 15:44:20','2018-11-26 15:44:20'),(1831,14.00,62,45,'2018-11-26 15:44:21','2018-11-26 15:44:21'),(1832,15.00,63,45,'2018-11-26 15:44:21','2018-11-26 15:44:21'),(1833,9.00,64,45,'2018-11-26 15:44:21','2018-11-26 15:44:21'),(1834,18.00,65,45,'2018-11-26 15:44:21','2018-11-26 15:44:21'),(1835,5.00,66,45,'2018-11-26 15:44:21','2018-11-26 15:44:21'),(1836,7.00,67,45,'2018-11-26 15:44:21','2018-11-26 15:44:21'),(1837,9.00,68,45,'2018-11-26 15:44:21','2018-11-26 15:44:21'),(1838,19.00,69,45,'2018-11-26 15:44:21','2018-11-26 15:44:21'),(1839,7.00,70,45,'2018-11-26 15:44:21','2018-11-26 15:44:21'),(1840,20.00,71,45,'2018-11-26 15:44:21','2018-11-26 15:44:21'),(1841,14.00,72,45,'2018-11-26 15:44:21','2018-11-26 15:44:21'),(1842,16.00,73,45,'2018-11-26 15:44:21','2018-11-26 15:44:21'),(1843,19.00,74,45,'2018-11-26 15:44:21','2018-11-26 15:44:21'),(1844,10.00,75,45,'2018-11-26 15:44:21','2018-11-26 15:44:21'),(1845,5.00,76,45,'2018-11-26 15:44:21','2018-11-26 15:44:21'),(1846,6.00,77,45,'2018-11-26 15:44:22','2018-11-26 15:44:22'),(1847,19.00,78,45,'2018-11-26 15:44:22','2018-11-26 15:44:22'),(1848,13.00,79,45,'2018-11-26 15:44:22','2018-11-26 15:44:22'),(1849,10.00,80,45,'2018-11-26 15:44:22','2018-11-26 15:44:22'),(1850,7.00,81,45,'2018-11-26 15:44:22','2018-11-26 15:44:22'),(1851,20.00,82,45,'2018-11-26 15:44:22','2018-11-26 15:44:22'),(1852,8.00,83,45,'2018-11-26 15:44:22','2018-11-26 15:44:22'),(1853,8.00,84,45,'2018-11-26 15:44:22','2018-11-26 15:44:22'),(1854,19.00,85,45,'2018-11-26 15:44:22','2018-11-26 15:44:22'),(1855,5.00,86,45,'2018-11-26 15:44:22','2018-11-26 15:44:22'),(1856,14.00,87,45,'2018-11-26 15:44:22','2018-11-26 15:44:22'),(1857,17.00,88,45,'2018-11-26 15:44:22','2018-11-26 15:44:22'),(1858,7.00,89,45,'2018-11-26 15:44:22','2018-11-26 15:44:22'),(1859,10.00,90,45,'2018-11-26 15:44:22','2018-11-26 15:44:22'),(1860,5.00,91,45,'2018-11-26 15:44:22','2018-11-26 15:44:22'),(1861,20.00,92,45,'2018-11-26 15:44:23','2018-11-26 15:44:23'),(1862,5.00,93,45,'2018-11-26 15:44:23','2018-11-26 15:44:23'),(1863,16.00,94,45,'2018-11-26 15:44:23','2018-11-26 15:44:23'),(1864,19.00,95,45,'2018-11-26 15:44:23','2018-11-26 15:44:23'),(1865,9.00,96,45,'2018-11-26 15:44:23','2018-11-26 15:44:23'),(1866,7.00,97,45,'2018-11-26 15:44:23','2018-11-26 15:44:23'),(1867,16.00,98,45,'2018-11-26 15:44:23','2018-11-26 15:44:23'),(1868,14.00,99,45,'2018-11-26 15:44:23','2018-11-26 15:44:23'),(1869,14.00,100,45,'2018-11-26 15:44:23','2018-11-26 15:44:23'),(1870,15.00,101,45,'2018-11-26 15:44:23','2018-11-26 15:44:23'),(1871,15.00,102,45,'2018-11-26 15:44:23','2018-11-26 15:44:23'),(1872,7.00,103,45,'2018-11-26 15:44:23','2018-11-26 15:44:23'),(1873,15.00,104,45,'2018-11-26 15:44:23','2018-11-26 15:44:23'),(1874,12.00,105,45,'2018-11-26 15:44:23','2018-11-26 15:44:23'),(1875,8.00,106,45,'2018-11-26 15:44:23','2018-11-26 15:44:23'),(1876,7.00,107,45,'2018-11-26 15:44:24','2018-11-26 15:44:24'),(1877,16.00,108,45,'2018-11-26 15:44:24','2018-11-26 15:44:24'),(1878,6.00,109,45,'2018-11-26 15:44:24','2018-11-26 15:44:24'),(1879,5.00,110,45,'2018-11-26 15:44:24','2018-11-26 15:44:24'),(1880,17.00,111,45,'2018-11-26 15:44:24','2018-11-26 15:44:24'),(1881,14.00,112,45,'2018-11-26 15:44:24','2018-11-26 15:44:24'),(1882,16.00,113,45,'2018-11-26 15:44:24','2018-11-26 15:44:24'),(1883,6.00,114,45,'2018-11-26 15:44:24','2018-11-26 15:44:24'),(1884,10.00,115,45,'2018-11-26 15:44:24','2018-11-26 15:44:24'),(1885,20.00,116,45,'2018-11-26 15:44:24','2018-11-26 15:44:24'),(1886,12.00,117,45,'2018-11-26 15:44:24','2018-11-26 15:44:24'),(1887,17.00,118,45,'2018-11-26 15:44:24','2018-11-26 15:44:24'),(1888,15.00,119,45,'2018-11-26 15:44:24','2018-11-26 15:44:24'),(1889,16.00,120,45,'2018-11-26 15:44:24','2018-11-26 15:44:24'),(1890,9.00,121,45,'2018-11-26 15:44:25','2018-11-26 15:44:25'),(1891,15.00,122,45,'2018-11-26 15:44:25','2018-11-26 15:44:25'),(1892,19.00,62,46,'2018-11-26 15:44:25','2018-11-26 15:44:25'),(1893,16.00,63,46,'2018-11-26 15:44:25','2018-11-26 15:44:25'),(1894,6.00,64,46,'2018-11-26 15:44:25','2018-11-26 15:44:25'),(1895,15.00,65,46,'2018-11-26 15:44:25','2018-11-26 15:44:25'),(1896,7.00,66,46,'2018-11-26 15:44:25','2018-11-26 15:44:25'),(1897,12.00,67,46,'2018-11-26 15:44:25','2018-11-26 15:44:25'),(1898,19.00,68,46,'2018-11-26 15:44:25','2018-11-26 15:44:25'),(1899,15.00,69,46,'2018-11-26 15:44:25','2018-11-26 15:44:25'),(1900,17.00,70,46,'2018-11-26 15:44:25','2018-11-26 15:44:25'),(1901,14.00,71,46,'2018-11-26 15:44:25','2018-11-26 15:44:25'),(1902,10.00,72,46,'2018-11-26 15:44:25','2018-11-26 15:44:25'),(1903,10.00,73,46,'2018-11-26 15:44:25','2018-11-26 15:44:25'),(1904,15.00,74,46,'2018-11-26 15:44:25','2018-11-26 15:44:25'),(1905,19.00,75,46,'2018-11-26 15:44:25','2018-11-26 15:44:25'),(1906,18.00,76,46,'2018-11-26 15:44:26','2018-11-26 15:44:26'),(1907,11.00,77,46,'2018-11-26 15:44:26','2018-11-26 15:44:26'),(1908,16.00,78,46,'2018-11-26 15:44:26','2018-11-26 15:44:26'),(1909,16.00,79,46,'2018-11-26 15:44:26','2018-11-26 15:44:26'),(1910,11.00,80,46,'2018-11-26 15:44:26','2018-11-26 15:44:26'),(1911,20.00,81,46,'2018-11-26 15:44:26','2018-11-26 15:44:26'),(1912,13.00,82,46,'2018-11-26 15:44:26','2018-11-26 15:44:26'),(1913,16.00,83,46,'2018-11-26 15:44:26','2018-11-26 15:44:26'),(1914,15.00,84,46,'2018-11-26 15:44:26','2018-11-26 15:44:26'),(1915,6.00,85,46,'2018-11-26 15:44:26','2018-11-26 15:44:26'),(1916,16.00,86,46,'2018-11-26 15:44:26','2018-11-26 15:44:26'),(1917,18.00,87,46,'2018-11-26 15:44:26','2018-11-26 15:44:26'),(1918,11.00,88,46,'2018-11-26 15:44:26','2018-11-26 15:44:26'),(1919,10.00,89,46,'2018-11-26 15:44:26','2018-11-26 15:44:26'),(1920,6.00,90,46,'2018-11-26 15:44:26','2018-11-26 15:44:26'),(1921,18.00,91,46,'2018-11-26 15:44:26','2018-11-26 15:44:26'),(1922,10.00,92,46,'2018-11-26 15:44:26','2018-11-26 15:44:26'),(1923,13.00,93,46,'2018-11-26 15:44:26','2018-11-26 15:44:26'),(1924,17.00,94,46,'2018-11-26 15:44:27','2018-11-26 15:44:27'),(1925,19.00,95,46,'2018-11-26 15:44:27','2018-11-26 15:44:27'),(1926,11.00,96,46,'2018-11-26 15:44:27','2018-11-26 15:44:27'),(1927,11.00,97,46,'2018-11-26 15:44:27','2018-11-26 15:44:27'),(1928,11.00,98,46,'2018-11-26 15:44:27','2018-11-26 15:44:27'),(1929,18.00,99,46,'2018-11-26 15:44:27','2018-11-26 15:44:27'),(1930,19.00,100,46,'2018-11-26 15:44:27','2018-11-26 15:44:27'),(1931,20.00,101,46,'2018-11-26 15:44:27','2018-11-26 15:44:27'),(1932,12.00,102,46,'2018-11-26 15:44:27','2018-11-26 15:44:27'),(1933,14.00,103,46,'2018-11-26 15:44:27','2018-11-26 15:44:27'),(1934,8.00,104,46,'2018-11-26 15:44:27','2018-11-26 15:44:27'),(1935,19.00,105,46,'2018-11-26 15:44:27','2018-11-26 15:44:27'),(1936,16.00,106,46,'2018-11-26 15:44:27','2018-11-26 15:44:27'),(1937,18.00,107,46,'2018-11-26 15:44:27','2018-11-26 15:44:27'),(1938,12.00,108,46,'2018-11-26 15:44:28','2018-11-26 15:44:28'),(1939,16.00,109,46,'2018-11-26 15:44:28','2018-11-26 15:44:28'),(1940,17.00,110,46,'2018-11-26 15:44:28','2018-11-26 15:44:28'),(1941,12.00,111,46,'2018-11-26 15:44:28','2018-11-26 15:44:28'),(1942,5.00,112,46,'2018-11-26 15:44:28','2018-11-26 15:44:28'),(1943,8.00,113,46,'2018-11-26 15:44:28','2018-11-26 15:44:28'),(1944,15.00,114,46,'2018-11-26 15:44:28','2018-11-26 15:44:28'),(1945,10.00,115,46,'2018-11-26 15:44:28','2018-11-26 15:44:28'),(1946,11.00,116,46,'2018-11-26 15:44:28','2018-11-26 15:44:28'),(1947,17.00,117,46,'2018-11-26 15:44:28','2018-11-26 15:44:28'),(1948,9.00,118,46,'2018-11-26 15:44:28','2018-11-26 15:44:28'),(1949,6.00,119,46,'2018-11-26 15:44:28','2018-11-26 15:44:28'),(1950,10.00,120,46,'2018-11-26 15:44:28','2018-11-26 15:44:28'),(1951,17.00,121,46,'2018-11-26 15:44:29','2018-11-26 15:44:29'),(1952,20.00,122,46,'2018-11-26 15:44:29','2018-11-26 15:44:29'),(1953,5.00,62,47,'2018-11-26 15:44:29','2018-11-26 15:44:29'),(1954,9.00,63,47,'2018-11-26 15:44:29','2018-11-26 15:44:29'),(1955,14.00,64,47,'2018-11-26 15:44:29','2018-11-26 15:44:29'),(1956,8.00,65,47,'2018-11-26 15:44:29','2018-11-26 15:44:29'),(1957,15.00,66,47,'2018-11-26 15:44:29','2018-11-26 15:44:29'),(1958,5.00,67,47,'2018-11-26 15:44:29','2018-11-26 15:44:29'),(1959,12.00,68,47,'2018-11-26 15:44:29','2018-11-26 15:44:29'),(1960,5.00,69,47,'2018-11-26 15:44:29','2018-11-26 15:44:29'),(1961,18.00,70,47,'2018-11-26 15:44:29','2018-11-26 15:44:29'),(1962,5.00,71,47,'2018-11-26 15:44:29','2018-11-26 15:44:29'),(1963,14.00,72,47,'2018-11-26 15:44:29','2018-11-26 15:44:29'),(1964,17.00,73,47,'2018-11-26 15:44:29','2018-11-26 15:44:29'),(1965,19.00,74,47,'2018-11-26 15:44:30','2018-11-26 15:44:30'),(1966,20.00,75,47,'2018-11-26 15:44:30','2018-11-26 15:44:30'),(1967,20.00,76,47,'2018-11-26 15:44:30','2018-11-26 15:44:30'),(1968,13.00,77,47,'2018-11-26 15:44:30','2018-11-26 15:44:30'),(1969,8.00,78,47,'2018-11-26 15:44:30','2018-11-26 15:44:30'),(1970,6.00,79,47,'2018-11-26 15:44:30','2018-11-26 15:44:30'),(1971,8.00,80,47,'2018-11-26 15:44:30','2018-11-26 15:44:30'),(1972,6.00,81,47,'2018-11-26 15:44:30','2018-11-26 15:44:30'),(1973,8.00,82,47,'2018-11-26 15:44:30','2018-11-26 15:44:30'),(1974,6.00,83,47,'2018-11-26 15:44:30','2018-11-26 15:44:30'),(1975,12.00,84,47,'2018-11-26 15:44:30','2018-11-26 15:44:30'),(1976,11.00,85,47,'2018-11-26 15:44:30','2018-11-26 15:44:30'),(1977,11.00,86,47,'2018-11-26 15:44:30','2018-11-26 15:44:30'),(1978,15.00,87,47,'2018-11-26 15:44:30','2018-11-26 15:44:30'),(1979,18.00,88,47,'2018-11-26 15:44:30','2018-11-26 15:44:30'),(1980,20.00,89,47,'2018-11-26 15:44:31','2018-11-26 15:44:31'),(1981,20.00,90,47,'2018-11-26 15:44:31','2018-11-26 15:44:31'),(1982,8.00,91,47,'2018-11-26 15:44:31','2018-11-26 15:44:31'),(1983,20.00,92,47,'2018-11-26 15:44:31','2018-11-26 15:44:31'),(1984,5.00,93,47,'2018-11-26 15:44:31','2018-11-26 15:44:31'),(1985,11.00,94,47,'2018-11-26 15:44:31','2018-11-26 15:44:31'),(1986,5.00,95,47,'2018-11-26 15:44:31','2018-11-26 15:44:31'),(1987,17.00,96,47,'2018-11-26 15:44:31','2018-11-26 15:44:31'),(1988,15.00,97,47,'2018-11-26 15:44:31','2018-11-26 15:44:31'),(1989,8.00,98,47,'2018-11-26 15:44:31','2018-11-26 15:44:31'),(1990,10.00,99,47,'2018-11-26 15:44:31','2018-11-26 15:44:31'),(1991,14.00,100,47,'2018-11-26 15:44:31','2018-11-26 15:44:31'),(1992,7.00,101,47,'2018-11-26 15:44:31','2018-11-26 15:44:31'),(1993,14.00,102,47,'2018-11-26 15:44:31','2018-11-26 15:44:31'),(1994,8.00,103,47,'2018-11-26 15:44:31','2018-11-26 15:44:31'),(1995,19.00,104,47,'2018-11-26 15:44:32','2018-11-26 15:44:32'),(1996,16.00,105,47,'2018-11-26 15:44:32','2018-11-26 15:44:32'),(1997,16.00,106,47,'2018-11-26 15:44:32','2018-11-26 15:44:32'),(1998,13.00,107,47,'2018-11-26 15:44:32','2018-11-26 15:44:32'),(1999,19.00,108,47,'2018-11-26 15:44:32','2018-11-26 15:44:32'),(2000,5.00,109,47,'2018-11-26 15:44:32','2018-11-26 15:44:32'),(2001,14.00,110,47,'2018-11-26 15:44:32','2018-11-26 15:44:32'),(2002,9.00,111,47,'2018-11-26 15:44:32','2018-11-26 15:44:32'),(2003,13.00,112,47,'2018-11-26 15:44:32','2018-11-26 15:44:32'),(2004,11.00,113,47,'2018-11-26 15:44:32','2018-11-26 15:44:32'),(2005,20.00,114,47,'2018-11-26 15:44:32','2018-11-26 15:44:32'),(2006,20.00,115,47,'2018-11-26 15:44:32','2018-11-26 15:44:32'),(2007,11.00,116,47,'2018-11-26 15:44:32','2018-11-26 15:44:32'),(2008,5.00,117,47,'2018-11-26 15:44:32','2018-11-26 15:44:32'),(2009,15.00,118,47,'2018-11-26 15:44:32','2018-11-26 15:44:32'),(2010,10.00,119,47,'2018-11-26 15:44:32','2018-11-26 15:44:32'),(2011,7.00,120,47,'2018-11-26 15:44:32','2018-11-26 15:44:32'),(2012,9.00,121,47,'2018-11-26 15:44:33','2018-11-26 15:44:33'),(2013,5.00,122,47,'2018-11-26 15:44:33','2018-11-26 15:44:33'),(2014,9.00,62,48,'2018-11-26 15:44:33','2018-11-26 15:44:33'),(2015,13.00,63,48,'2018-11-26 15:44:33','2018-11-26 15:44:33'),(2016,20.00,64,48,'2018-11-26 15:44:33','2018-11-26 15:44:33'),(2017,19.00,65,48,'2018-11-26 15:44:33','2018-11-26 15:44:33'),(2018,11.00,66,48,'2018-11-26 15:44:33','2018-11-26 15:44:33'),(2019,9.00,67,48,'2018-11-26 15:44:33','2018-11-26 15:44:33'),(2020,19.00,68,48,'2018-11-26 15:44:33','2018-11-26 15:44:33'),(2021,20.00,69,48,'2018-11-26 15:44:33','2018-11-26 15:44:33'),(2022,9.00,70,48,'2018-11-26 15:44:33','2018-11-26 15:44:33'),(2023,9.00,71,48,'2018-11-26 15:44:34','2018-11-26 15:44:34'),(2024,8.00,72,48,'2018-11-26 15:44:34','2018-11-26 15:44:34'),(2025,7.00,73,48,'2018-11-26 15:44:34','2018-11-26 15:44:34'),(2026,20.00,74,48,'2018-11-26 15:44:34','2018-11-26 15:44:34'),(2027,20.00,75,48,'2018-11-26 15:44:34','2018-11-26 15:44:34'),(2028,18.00,76,48,'2018-11-26 15:44:34','2018-11-26 15:44:34'),(2029,7.00,77,48,'2018-11-26 15:44:34','2018-11-26 15:44:34'),(2030,10.00,78,48,'2018-11-26 15:44:34','2018-11-26 15:44:34'),(2031,12.00,79,48,'2018-11-26 15:44:34','2018-11-26 15:44:34'),(2032,18.00,80,48,'2018-11-26 15:44:34','2018-11-26 15:44:34'),(2033,18.00,81,48,'2018-11-26 15:44:35','2018-11-26 15:44:35'),(2034,9.00,82,48,'2018-11-26 15:44:35','2018-11-26 15:44:35'),(2035,13.00,83,48,'2018-11-26 15:44:35','2018-11-26 15:44:35'),(2036,10.00,84,48,'2018-11-26 15:44:35','2018-11-26 15:44:35'),(2037,10.00,85,48,'2018-11-26 15:44:35','2018-11-26 15:44:35'),(2038,10.00,86,48,'2018-11-26 15:44:35','2018-11-26 15:44:35'),(2039,12.00,87,48,'2018-11-26 15:44:35','2018-11-26 15:44:35'),(2040,12.00,88,48,'2018-11-26 15:44:36','2018-11-26 15:44:36'),(2041,10.00,89,48,'2018-11-26 15:44:36','2018-11-26 15:44:36'),(2042,10.00,90,48,'2018-11-26 15:44:36','2018-11-26 15:44:36'),(2043,14.00,91,48,'2018-11-26 15:44:36','2018-11-26 15:44:36'),(2044,16.00,92,48,'2018-11-26 15:44:36','2018-11-26 15:44:36'),(2045,20.00,93,48,'2018-11-26 15:44:36','2018-11-26 15:44:36'),(2046,7.00,94,48,'2018-11-26 15:44:36','2018-11-26 15:44:36'),(2047,9.00,95,48,'2018-11-26 15:44:36','2018-11-26 15:44:36'),(2048,17.00,96,48,'2018-11-26 15:44:37','2018-11-26 15:44:37'),(2049,15.00,97,48,'2018-11-26 15:44:37','2018-11-26 15:44:37'),(2050,18.00,98,48,'2018-11-26 15:44:37','2018-11-26 15:44:37'),(2051,14.00,99,48,'2018-11-26 15:44:37','2018-11-26 15:44:37'),(2052,11.00,100,48,'2018-11-26 15:44:37','2018-11-26 15:44:37'),(2053,17.00,101,48,'2018-11-26 15:44:37','2018-11-26 15:44:37'),(2054,9.00,102,48,'2018-11-26 15:44:37','2018-11-26 15:44:37'),(2055,12.00,103,48,'2018-11-26 15:44:37','2018-11-26 15:44:37'),(2056,18.00,104,48,'2018-11-26 15:44:37','2018-11-26 15:44:37'),(2057,17.00,105,48,'2018-11-26 15:44:37','2018-11-26 15:44:37'),(2058,6.00,106,48,'2018-11-26 15:44:37','2018-11-26 15:44:37'),(2059,19.00,107,48,'2018-11-26 15:44:37','2018-11-26 15:44:37'),(2060,18.00,108,48,'2018-11-26 15:44:37','2018-11-26 15:44:37'),(2061,20.00,109,48,'2018-11-26 15:44:38','2018-11-26 15:44:38'),(2062,11.00,110,48,'2018-11-26 15:44:38','2018-11-26 15:44:38'),(2063,18.00,111,48,'2018-11-26 15:44:38','2018-11-26 15:44:38'),(2064,8.00,112,48,'2018-11-26 15:44:38','2018-11-26 15:44:38'),(2065,17.00,113,48,'2018-11-26 15:44:38','2018-11-26 15:44:38'),(2066,15.00,114,48,'2018-11-26 15:44:38','2018-11-26 15:44:38'),(2067,5.00,115,48,'2018-11-26 15:44:38','2018-11-26 15:44:38'),(2068,18.00,116,48,'2018-11-26 15:44:38','2018-11-26 15:44:38'),(2069,8.00,117,48,'2018-11-26 15:44:38','2018-11-26 15:44:38'),(2070,17.00,118,48,'2018-11-26 15:44:38','2018-11-26 15:44:38'),(2071,13.00,119,48,'2018-11-26 15:44:38','2018-11-26 15:44:38'),(2072,17.00,120,48,'2018-11-26 15:44:38','2018-11-26 15:44:38'),(2073,6.00,121,48,'2018-11-26 15:44:38','2018-11-26 15:44:38'),(2074,16.00,122,48,'2018-11-26 15:44:39','2018-11-26 15:44:39'),(2075,20.00,62,49,'2018-11-26 15:44:39','2018-11-26 15:44:39'),(2076,19.00,63,49,'2018-11-26 15:44:39','2018-11-26 15:44:39'),(2077,14.00,64,49,'2018-11-26 15:44:39','2018-11-26 15:44:39'),(2078,6.00,65,49,'2018-11-26 15:44:39','2018-11-26 15:44:39'),(2079,10.00,66,49,'2018-11-26 15:44:39','2018-11-26 15:44:39'),(2080,19.00,67,49,'2018-11-26 15:44:39','2018-11-26 15:44:39'),(2081,5.00,68,49,'2018-11-26 15:44:39','2018-11-26 15:44:39'),(2082,12.00,69,49,'2018-11-26 15:44:39','2018-11-26 15:44:39'),(2083,12.00,70,49,'2018-11-26 15:44:39','2018-11-26 15:44:39'),(2084,10.00,71,49,'2018-11-26 15:44:39','2018-11-26 15:44:39'),(2085,9.00,72,49,'2018-11-26 15:44:39','2018-11-26 15:44:39'),(2086,18.00,73,49,'2018-11-26 15:44:39','2018-11-26 15:44:39'),(2087,18.00,74,49,'2018-11-26 15:44:40','2018-11-26 15:44:40'),(2088,5.00,75,49,'2018-11-26 15:44:40','2018-11-26 15:44:40'),(2089,11.00,76,49,'2018-11-26 15:44:40','2018-11-26 15:44:40'),(2090,17.00,77,49,'2018-11-26 15:44:40','2018-11-26 15:44:40'),(2091,19.00,78,49,'2018-11-26 15:44:40','2018-11-26 15:44:40'),(2092,10.00,79,49,'2018-11-26 15:44:40','2018-11-26 15:44:40'),(2093,9.00,80,49,'2018-11-26 15:44:40','2018-11-26 15:44:40'),(2094,14.00,81,49,'2018-11-26 15:44:40','2018-11-26 15:44:40'),(2095,8.00,82,49,'2018-11-26 15:44:40','2018-11-26 15:44:40'),(2096,15.00,83,49,'2018-11-26 15:44:40','2018-11-26 15:44:40'),(2097,20.00,84,49,'2018-11-26 15:44:40','2018-11-26 15:44:40'),(2098,13.00,85,49,'2018-11-26 15:44:40','2018-11-26 15:44:40'),(2099,16.00,86,49,'2018-11-26 15:44:41','2018-11-26 15:44:41'),(2100,15.00,87,49,'2018-11-26 15:44:41','2018-11-26 15:44:41'),(2101,6.00,88,49,'2018-11-26 15:44:41','2018-11-26 15:44:41'),(2102,17.00,89,49,'2018-11-26 15:44:41','2018-11-26 15:44:41'),(2103,15.00,90,49,'2018-11-26 15:44:41','2018-11-26 15:44:41'),(2104,8.00,91,49,'2018-11-26 15:44:41','2018-11-26 15:44:41'),(2105,11.00,92,49,'2018-11-26 15:44:41','2018-11-26 15:44:41'),(2106,14.00,93,49,'2018-11-26 15:44:41','2018-11-26 15:44:41'),(2107,9.00,94,49,'2018-11-26 15:44:41','2018-11-26 15:44:41'),(2108,14.00,95,49,'2018-11-26 15:44:41','2018-11-26 15:44:41'),(2109,10.00,96,49,'2018-11-26 15:44:41','2018-11-26 15:44:41'),(2110,5.00,97,49,'2018-11-26 15:44:41','2018-11-26 15:44:41'),(2111,12.00,98,49,'2018-11-26 15:44:41','2018-11-26 15:44:41'),(2112,12.00,99,49,'2018-11-26 15:44:41','2018-11-26 15:44:41'),(2113,9.00,100,49,'2018-11-26 15:44:42','2018-11-26 15:44:42'),(2114,12.00,101,49,'2018-11-26 15:44:42','2018-11-26 15:44:42'),(2115,9.00,102,49,'2018-11-26 15:44:42','2018-11-26 15:44:42'),(2116,18.00,103,49,'2018-11-26 15:44:42','2018-11-26 15:44:42'),(2117,7.00,104,49,'2018-11-26 15:44:42','2018-11-26 15:44:42'),(2118,9.00,105,49,'2018-11-26 15:44:42','2018-11-26 15:44:42'),(2119,8.00,106,49,'2018-11-26 15:44:42','2018-11-26 15:44:42'),(2120,11.00,107,49,'2018-11-26 15:44:42','2018-11-26 15:44:42'),(2121,14.00,108,49,'2018-11-26 15:44:42','2018-11-26 15:44:42'),(2122,5.00,109,49,'2018-11-26 15:44:42','2018-11-26 15:44:42'),(2123,5.00,110,49,'2018-11-26 15:44:42','2018-11-26 15:44:42'),(2124,18.00,111,49,'2018-11-26 15:44:42','2018-11-26 15:44:42'),(2125,18.00,112,49,'2018-11-26 15:44:42','2018-11-26 15:44:42'),(2126,17.00,113,49,'2018-11-26 15:44:42','2018-11-26 15:44:42'),(2127,10.00,114,49,'2018-11-26 15:44:43','2018-11-26 15:44:43'),(2128,6.00,115,49,'2018-11-26 15:44:43','2018-11-26 15:44:43'),(2129,6.00,116,49,'2018-11-26 15:44:43','2018-11-26 15:44:43'),(2130,17.00,117,49,'2018-11-26 15:44:43','2018-11-26 15:44:43'),(2131,7.00,118,49,'2018-11-26 15:44:43','2018-11-26 15:44:43'),(2132,20.00,119,49,'2018-11-26 15:44:43','2018-11-26 15:44:43'),(2133,12.00,120,49,'2018-11-26 15:44:43','2018-11-26 15:44:43'),(2134,12.00,121,49,'2018-11-26 15:44:43','2018-11-26 15:44:43'),(2135,20.00,122,49,'2018-11-26 15:44:43','2018-11-26 15:44:43'),(2136,11.00,62,50,'2018-11-26 15:44:43','2018-11-26 15:44:43'),(2137,13.00,63,50,'2018-11-26 15:44:43','2018-11-26 15:44:43'),(2138,13.00,64,50,'2018-11-26 15:44:43','2018-11-26 15:44:43'),(2139,7.00,65,50,'2018-11-26 15:44:43','2018-11-26 15:44:43'),(2140,15.00,66,50,'2018-11-26 15:44:43','2018-11-26 15:44:43'),(2141,12.00,67,50,'2018-11-26 15:44:44','2018-11-26 15:44:44'),(2142,16.00,68,50,'2018-11-26 15:44:44','2018-11-26 15:44:44'),(2143,5.00,69,50,'2018-11-26 15:44:44','2018-11-26 15:44:44'),(2144,12.00,70,50,'2018-11-26 15:44:44','2018-11-26 15:44:44'),(2145,6.00,71,50,'2018-11-26 15:44:44','2018-11-26 15:44:44'),(2146,19.00,72,50,'2018-11-26 15:44:44','2018-11-26 15:44:44'),(2147,18.00,73,50,'2018-11-26 15:44:44','2018-11-26 15:44:44'),(2148,10.00,74,50,'2018-11-26 15:44:44','2018-11-26 15:44:44'),(2149,11.00,75,50,'2018-11-26 15:44:44','2018-11-26 15:44:44'),(2150,8.00,76,50,'2018-11-26 15:44:44','2018-11-26 15:44:44'),(2151,18.00,77,50,'2018-11-26 15:44:44','2018-11-26 15:44:44'),(2152,10.00,78,50,'2018-11-26 15:44:44','2018-11-26 15:44:44'),(2153,7.00,79,50,'2018-11-26 15:44:45','2018-11-26 15:44:45'),(2154,10.00,80,50,'2018-11-26 15:44:45','2018-11-26 15:44:45'),(2155,7.00,81,50,'2018-11-26 15:44:45','2018-11-26 15:44:45'),(2156,14.00,82,50,'2018-11-26 15:44:46','2018-11-26 15:44:46'),(2157,7.00,83,50,'2018-11-26 15:44:46','2018-11-26 15:44:46'),(2158,11.00,84,50,'2018-11-26 15:44:46','2018-11-26 15:44:46'),(2159,15.00,85,50,'2018-11-26 15:44:46','2018-11-26 15:44:46'),(2160,14.00,86,50,'2018-11-26 15:44:46','2018-11-26 15:44:46'),(2161,19.00,87,50,'2018-11-26 15:44:46','2018-11-26 15:44:46'),(2162,6.00,88,50,'2018-11-26 15:44:46','2018-11-26 15:44:46'),(2163,18.00,89,50,'2018-11-26 15:44:46','2018-11-26 15:44:46'),(2164,15.00,90,50,'2018-11-26 15:44:47','2018-11-26 15:44:47'),(2165,17.00,91,50,'2018-11-26 15:44:47','2018-11-26 15:44:47'),(2166,18.00,92,50,'2018-11-26 15:44:47','2018-11-26 15:44:47'),(2167,15.00,93,50,'2018-11-26 15:44:47','2018-11-26 15:44:47'),(2168,9.00,94,50,'2018-11-26 15:44:47','2018-11-26 15:44:47'),(2169,9.00,95,50,'2018-11-26 15:44:47','2018-11-26 15:44:47'),(2170,11.00,96,50,'2018-11-26 15:44:47','2018-11-26 15:44:47'),(2171,10.00,97,50,'2018-11-26 15:44:47','2018-11-26 15:44:47'),(2172,8.00,98,50,'2018-11-26 15:44:47','2018-11-26 15:44:47'),(2173,9.00,99,50,'2018-11-26 15:44:47','2018-11-26 15:44:47'),(2174,11.00,100,50,'2018-11-26 15:44:48','2018-11-26 15:44:48'),(2175,20.00,101,50,'2018-11-26 15:44:48','2018-11-26 15:44:48'),(2176,9.00,102,50,'2018-11-26 15:44:48','2018-11-26 15:44:48'),(2177,19.00,103,50,'2018-11-26 15:44:48','2018-11-26 15:44:48'),(2178,16.00,104,50,'2018-11-26 15:44:48','2018-11-26 15:44:48'),(2179,18.00,105,50,'2018-11-26 15:44:48','2018-11-26 15:44:48'),(2180,10.00,106,50,'2018-11-26 15:44:48','2018-11-26 15:44:48'),(2181,16.00,107,50,'2018-11-26 15:44:48','2018-11-26 15:44:48'),(2182,18.00,108,50,'2018-11-26 15:44:48','2018-11-26 15:44:48'),(2183,5.00,109,50,'2018-11-26 15:44:49','2018-11-26 15:44:49'),(2184,7.00,110,50,'2018-11-26 15:44:49','2018-11-26 15:44:49'),(2185,6.00,111,50,'2018-11-26 15:44:49','2018-11-26 15:44:49'),(2186,13.00,112,50,'2018-11-26 15:44:49','2018-11-26 15:44:49'),(2187,16.00,113,50,'2018-11-26 15:44:49','2018-11-26 15:44:49'),(2188,10.00,114,50,'2018-11-26 15:44:49','2018-11-26 15:44:49'),(2189,14.00,115,50,'2018-11-26 15:44:49','2018-11-26 15:44:49'),(2190,12.00,116,50,'2018-11-26 15:44:50','2018-11-26 15:44:50'),(2191,6.00,117,50,'2018-11-26 15:44:50','2018-11-26 15:44:50'),(2192,20.00,118,50,'2018-11-26 15:44:50','2018-11-26 15:44:50'),(2193,14.00,119,50,'2018-11-26 15:44:50','2018-11-26 15:44:50'),(2194,20.00,120,50,'2018-11-26 15:44:50','2018-11-26 15:44:50'),(2195,17.00,121,50,'2018-11-26 15:44:50','2018-11-26 15:44:50'),(2196,12.00,122,50,'2018-11-26 15:44:50','2018-11-26 15:44:50'),(2197,12.00,62,51,'2018-11-26 15:44:50','2018-11-26 15:44:50'),(2198,14.00,63,51,'2018-11-26 15:44:51','2018-11-26 15:44:51'),(2199,7.00,64,51,'2018-11-26 15:44:51','2018-11-26 15:44:51'),(2200,10.00,65,51,'2018-11-26 15:44:51','2018-11-26 15:44:51'),(2201,20.00,66,51,'2018-11-26 15:44:51','2018-11-26 15:44:51'),(2202,8.00,67,51,'2018-11-26 15:44:51','2018-11-26 15:44:51'),(2203,6.00,68,51,'2018-11-26 15:44:51','2018-11-26 15:44:51'),(2204,17.00,69,51,'2018-11-26 15:44:51','2018-11-26 15:44:51'),(2205,8.00,70,51,'2018-11-26 15:44:51','2018-11-26 15:44:51'),(2206,18.00,71,51,'2018-11-26 15:44:51','2018-11-26 15:44:51'),(2207,10.00,72,51,'2018-11-26 15:44:52','2018-11-26 15:44:52'),(2208,17.00,73,51,'2018-11-26 15:44:52','2018-11-26 15:44:52'),(2209,11.00,74,51,'2018-11-26 15:44:52','2018-11-26 15:44:52'),(2210,20.00,75,51,'2018-11-26 15:44:52','2018-11-26 15:44:52'),(2211,13.00,76,51,'2018-11-26 15:44:52','2018-11-26 15:44:52'),(2212,13.00,77,51,'2018-11-26 15:44:52','2018-11-26 15:44:52'),(2213,8.00,78,51,'2018-11-26 15:44:52','2018-11-26 15:44:52'),(2214,12.00,79,51,'2018-11-26 15:44:52','2018-11-26 15:44:52'),(2215,18.00,80,51,'2018-11-26 15:44:52','2018-11-26 15:44:52'),(2216,16.00,81,51,'2018-11-26 15:44:52','2018-11-26 15:44:52'),(2217,19.00,82,51,'2018-11-26 15:44:52','2018-11-26 15:44:52'),(2218,14.00,83,51,'2018-11-26 15:44:53','2018-11-26 15:44:53'),(2219,7.00,84,51,'2018-11-26 15:44:53','2018-11-26 15:44:53'),(2220,15.00,85,51,'2018-11-26 15:44:53','2018-11-26 15:44:53'),(2221,10.00,86,51,'2018-11-26 15:44:53','2018-11-26 15:44:53'),(2222,7.00,87,51,'2018-11-26 15:44:53','2018-11-26 15:44:53'),(2223,16.00,88,51,'2018-11-26 15:44:53','2018-11-26 15:44:53'),(2224,12.00,89,51,'2018-11-26 15:44:53','2018-11-26 15:44:53'),(2225,13.00,90,51,'2018-11-26 15:44:53','2018-11-26 15:44:53'),(2226,11.00,91,51,'2018-11-26 15:44:53','2018-11-26 15:44:53'),(2227,17.00,92,51,'2018-11-26 15:44:53','2018-11-26 15:44:53'),(2228,5.00,93,51,'2018-11-26 15:44:53','2018-11-26 15:44:53'),(2229,11.00,94,51,'2018-11-26 15:44:54','2018-11-26 15:44:54'),(2230,15.00,95,51,'2018-11-26 15:44:54','2018-11-26 15:44:54'),(2231,19.00,96,51,'2018-11-26 15:44:54','2018-11-26 15:44:54'),(2232,5.00,97,51,'2018-11-26 15:44:54','2018-11-26 15:44:54'),(2233,11.00,98,51,'2018-11-26 15:44:54','2018-11-26 15:44:54'),(2234,5.00,99,51,'2018-11-26 15:44:54','2018-11-26 15:44:54'),(2235,17.00,100,51,'2018-11-26 15:44:54','2018-11-26 15:44:54'),(2236,17.00,101,51,'2018-11-26 15:44:54','2018-11-26 15:44:54'),(2237,6.00,102,51,'2018-11-26 15:44:54','2018-11-26 15:44:54'),(2238,7.00,103,51,'2018-11-26 15:44:54','2018-11-26 15:44:54'),(2239,10.00,104,51,'2018-11-26 15:44:54','2018-11-26 15:44:54'),(2240,15.00,105,51,'2018-11-26 15:44:55','2018-11-26 15:44:55'),(2241,12.00,106,51,'2018-11-26 15:44:55','2018-11-26 15:44:55'),(2242,15.00,107,51,'2018-11-26 15:44:55','2018-11-26 15:44:55'),(2243,6.00,108,51,'2018-11-26 15:44:55','2018-11-26 15:44:55'),(2244,11.00,109,51,'2018-11-26 15:44:55','2018-11-26 15:44:55'),(2245,9.00,110,51,'2018-11-26 15:44:55','2018-11-26 15:44:55'),(2246,17.00,111,51,'2018-11-26 15:44:55','2018-11-26 15:44:55'),(2247,14.00,112,51,'2018-11-26 15:44:55','2018-11-26 15:44:55'),(2248,6.00,113,51,'2018-11-26 15:44:55','2018-11-26 15:44:55'),(2249,11.00,114,51,'2018-11-26 15:44:55','2018-11-26 15:44:55'),(2250,12.00,115,51,'2018-11-26 15:44:55','2018-11-26 15:44:55'),(2251,7.00,116,51,'2018-11-26 15:44:56','2018-11-26 15:44:56'),(2252,14.00,117,51,'2018-11-26 15:44:56','2018-11-26 15:44:56'),(2253,13.00,118,51,'2018-11-26 15:44:56','2018-11-26 15:44:56'),(2254,12.00,119,51,'2018-11-26 15:44:56','2018-11-26 15:44:56'),(2255,15.00,120,51,'2018-11-26 15:44:56','2018-11-26 15:44:56'),(2256,9.00,121,51,'2018-11-26 15:44:56','2018-11-26 15:44:56'),(2257,18.00,122,51,'2018-11-26 15:44:56','2018-11-26 15:44:56'),(2258,14.00,62,52,'2018-11-26 15:44:56','2018-11-26 15:44:56'),(2259,20.00,63,52,'2018-11-26 15:44:56','2018-11-26 15:44:56'),(2260,5.00,64,52,'2018-11-26 15:44:56','2018-11-26 15:44:56'),(2261,19.00,65,52,'2018-11-26 15:44:57','2018-11-26 15:44:57'),(2262,15.00,66,52,'2018-11-26 15:44:57','2018-11-26 15:44:57'),(2263,5.00,67,52,'2018-11-26 15:44:57','2018-11-26 15:44:57'),(2264,8.00,68,52,'2018-11-26 15:44:57','2018-11-26 15:44:57'),(2265,19.00,69,52,'2018-11-26 15:44:57','2018-11-26 15:44:57'),(2266,10.00,70,52,'2018-11-26 15:44:57','2018-11-26 15:44:57'),(2267,10.00,71,52,'2018-11-26 15:44:57','2018-11-26 15:44:57'),(2268,20.00,72,52,'2018-11-26 15:44:57','2018-11-26 15:44:57'),(2269,20.00,73,52,'2018-11-26 15:44:57','2018-11-26 15:44:57'),(2270,11.00,74,52,'2018-11-26 15:44:58','2018-11-26 15:44:58'),(2271,12.00,75,52,'2018-11-26 15:44:58','2018-11-26 15:44:58'),(2272,18.00,76,52,'2018-11-26 15:44:58','2018-11-26 15:44:58'),(2273,19.00,77,52,'2018-11-26 15:44:58','2018-11-26 15:44:58'),(2274,20.00,78,52,'2018-11-26 15:44:58','2018-11-26 15:44:58'),(2275,5.00,79,52,'2018-11-26 15:44:58','2018-11-26 15:44:58'),(2276,5.00,80,52,'2018-11-26 15:44:58','2018-11-26 15:44:58'),(2277,10.00,81,52,'2018-11-26 15:44:58','2018-11-26 15:44:58'),(2278,8.00,82,52,'2018-11-26 15:44:58','2018-11-26 15:44:58'),(2279,14.00,83,52,'2018-11-26 15:44:58','2018-11-26 15:44:58'),(2280,13.00,84,52,'2018-11-26 15:44:59','2018-11-26 15:44:59'),(2281,9.00,85,52,'2018-11-26 15:44:59','2018-11-26 15:44:59'),(2282,20.00,86,52,'2018-11-26 15:44:59','2018-11-26 15:44:59'),(2283,19.00,87,52,'2018-11-26 15:44:59','2018-11-26 15:44:59'),(2284,5.00,88,52,'2018-11-26 15:44:59','2018-11-26 15:44:59'),(2285,12.00,89,52,'2018-11-26 15:44:59','2018-11-26 15:44:59'),(2286,9.00,90,52,'2018-11-26 15:44:59','2018-11-26 15:44:59'),(2287,9.00,91,52,'2018-11-26 15:44:59','2018-11-26 15:44:59'),(2288,18.00,92,52,'2018-11-26 15:44:59','2018-11-26 15:44:59'),(2289,16.00,93,52,'2018-11-26 15:45:00','2018-11-26 15:45:00'),(2290,11.00,94,52,'2018-11-26 15:45:00','2018-11-26 15:45:00'),(2291,6.00,95,52,'2018-11-26 15:45:00','2018-11-26 15:45:00'),(2292,6.00,96,52,'2018-11-26 15:45:00','2018-11-26 15:45:00'),(2293,14.00,97,52,'2018-11-26 15:45:00','2018-11-26 15:45:00'),(2294,5.00,98,52,'2018-11-26 15:45:00','2018-11-26 15:45:00'),(2295,16.00,99,52,'2018-11-26 15:45:00','2018-11-26 15:45:00'),(2296,15.00,100,52,'2018-11-26 15:45:00','2018-11-26 15:45:00'),(2297,6.00,101,52,'2018-11-26 15:45:00','2018-11-26 15:45:00'),(2298,20.00,102,52,'2018-11-26 15:45:01','2018-11-26 15:45:01'),(2299,18.00,103,52,'2018-11-26 15:45:01','2018-11-26 15:45:01'),(2300,13.00,104,52,'2018-11-26 15:45:01','2018-11-26 15:45:01'),(2301,17.00,105,52,'2018-11-26 15:45:01','2018-11-26 15:45:01'),(2302,6.00,106,52,'2018-11-26 15:45:01','2018-11-26 15:45:01'),(2303,6.00,107,52,'2018-11-26 15:45:02','2018-11-26 15:45:02'),(2304,6.00,108,52,'2018-11-26 15:45:02','2018-11-26 15:45:02'),(2305,12.00,109,52,'2018-11-26 15:45:02','2018-11-26 15:45:02'),(2306,8.00,110,52,'2018-11-26 15:45:02','2018-11-26 15:45:02'),(2307,5.00,111,52,'2018-11-26 15:45:02','2018-11-26 15:45:02'),(2308,14.00,112,52,'2018-11-26 15:45:02','2018-11-26 15:45:02'),(2309,20.00,113,52,'2018-11-26 15:45:03','2018-11-26 15:45:03'),(2310,19.00,114,52,'2018-11-26 15:45:03','2018-11-26 15:45:03'),(2311,11.00,115,52,'2018-11-26 15:45:03','2018-11-26 15:45:03'),(2312,12.00,116,52,'2018-11-26 15:45:03','2018-11-26 15:45:03'),(2313,17.00,117,52,'2018-11-26 15:45:03','2018-11-26 15:45:03'),(2314,14.00,118,52,'2018-11-26 15:45:03','2018-11-26 15:45:03'),(2315,10.00,119,52,'2018-11-26 15:45:03','2018-11-26 15:45:03'),(2316,9.00,120,52,'2018-11-26 15:45:04','2018-11-26 15:45:04'),(2317,13.00,121,52,'2018-11-26 15:45:04','2018-11-26 15:45:04'),(2318,17.00,122,52,'2018-11-26 15:45:04','2018-11-26 15:45:04'),(2319,5.00,62,53,'2018-11-26 15:45:04','2018-11-26 15:45:04'),(2320,7.00,63,53,'2018-11-26 15:45:04','2018-11-26 15:45:04'),(2321,16.00,64,53,'2018-11-26 15:45:04','2018-11-26 15:45:04'),(2322,20.00,65,53,'2018-11-26 15:45:04','2018-11-26 15:45:04'),(2323,10.00,66,53,'2018-11-26 15:45:04','2018-11-26 15:45:04'),(2324,19.00,67,53,'2018-11-26 15:45:04','2018-11-26 15:45:04'),(2325,17.00,68,53,'2018-11-26 15:45:05','2018-11-26 15:45:05'),(2326,18.00,69,53,'2018-11-26 15:45:05','2018-11-26 15:45:05'),(2327,14.00,70,53,'2018-11-26 15:45:05','2018-11-26 15:45:05'),(2328,16.00,71,53,'2018-11-26 15:45:05','2018-11-26 15:45:05'),(2329,12.00,72,53,'2018-11-26 15:45:05','2018-11-26 15:45:05'),(2330,15.00,73,53,'2018-11-26 15:45:05','2018-11-26 15:45:05'),(2331,17.00,74,53,'2018-11-26 15:45:05','2018-11-26 15:45:05'),(2332,18.00,75,53,'2018-11-26 15:45:05','2018-11-26 15:45:05'),(2333,19.00,76,53,'2018-11-26 15:45:05','2018-11-26 15:45:05'),(2334,16.00,77,53,'2018-11-26 15:45:06','2018-11-26 15:45:06'),(2335,19.00,78,53,'2018-11-26 15:45:06','2018-11-26 15:45:06'),(2336,19.00,79,53,'2018-11-26 15:45:06','2018-11-26 15:45:06'),(2337,18.00,80,53,'2018-11-26 15:45:06','2018-11-26 15:45:06'),(2338,8.00,81,53,'2018-11-26 15:45:06','2018-11-26 15:45:06'),(2339,6.00,82,53,'2018-11-26 15:45:06','2018-11-26 15:45:06'),(2340,11.00,83,53,'2018-11-26 15:45:06','2018-11-26 15:45:06'),(2341,8.00,84,53,'2018-11-26 15:45:06','2018-11-26 15:45:06'),(2342,10.00,85,53,'2018-11-26 15:45:06','2018-11-26 15:45:06'),(2343,15.00,86,53,'2018-11-26 15:45:07','2018-11-26 15:45:07'),(2344,17.00,87,53,'2018-11-26 15:45:07','2018-11-26 15:45:07'),(2345,12.00,88,53,'2018-11-26 15:45:07','2018-11-26 15:45:07'),(2346,13.00,89,53,'2018-11-26 15:45:07','2018-11-26 15:45:07'),(2347,9.00,90,53,'2018-11-26 15:45:07','2018-11-26 15:45:07'),(2348,20.00,91,53,'2018-11-26 15:45:07','2018-11-26 15:45:07'),(2349,12.00,92,53,'2018-11-26 15:45:07','2018-11-26 15:45:07'),(2350,19.00,93,53,'2018-11-26 15:45:07','2018-11-26 15:45:07'),(2351,16.00,94,53,'2018-11-26 15:45:07','2018-11-26 15:45:07'),(2352,17.00,95,53,'2018-11-26 15:45:08','2018-11-26 15:45:08'),(2353,9.00,96,53,'2018-11-26 15:45:08','2018-11-26 15:45:08'),(2354,11.00,97,53,'2018-11-26 15:45:08','2018-11-26 15:45:08'),(2355,18.00,98,53,'2018-11-26 15:45:08','2018-11-26 15:45:08'),(2356,12.00,99,53,'2018-11-26 15:45:08','2018-11-26 15:45:08'),(2357,10.00,100,53,'2018-11-26 15:45:08','2018-11-26 15:45:08'),(2358,13.00,101,53,'2018-11-26 15:45:08','2018-11-26 15:45:08'),(2359,7.00,102,53,'2018-11-26 15:45:08','2018-11-26 15:45:08'),(2360,10.00,103,53,'2018-11-26 15:45:08','2018-11-26 15:45:08'),(2361,5.00,104,53,'2018-11-26 15:45:08','2018-11-26 15:45:08'),(2362,9.00,105,53,'2018-11-26 15:45:09','2018-11-26 15:45:09'),(2363,19.00,106,53,'2018-11-26 15:45:09','2018-11-26 15:45:09'),(2364,19.00,107,53,'2018-11-26 15:45:09','2018-11-26 15:45:09'),(2365,11.00,108,53,'2018-11-26 15:45:09','2018-11-26 15:45:09'),(2366,11.00,109,53,'2018-11-26 15:45:09','2018-11-26 15:45:09'),(2367,5.00,110,53,'2018-11-26 15:45:09','2018-11-26 15:45:09'),(2368,12.00,111,53,'2018-11-26 15:45:09','2018-11-26 15:45:09'),(2369,8.00,112,53,'2018-11-26 15:45:09','2018-11-26 15:45:09'),(2370,12.00,113,53,'2018-11-26 15:45:09','2018-11-26 15:45:09'),(2371,17.00,114,53,'2018-11-26 15:45:09','2018-11-26 15:45:09'),(2372,5.00,115,53,'2018-11-26 15:45:09','2018-11-26 15:45:09'),(2373,16.00,116,53,'2018-11-26 15:45:09','2018-11-26 15:45:09'),(2374,5.00,117,53,'2018-11-26 15:45:09','2018-11-26 15:45:09'),(2375,7.00,118,53,'2018-11-26 15:45:09','2018-11-26 15:45:09'),(2376,6.00,119,53,'2018-11-26 15:45:10','2018-11-26 15:45:10'),(2377,6.00,120,53,'2018-11-26 15:45:10','2018-11-26 15:45:10'),(2378,17.00,121,53,'2018-11-26 15:45:10','2018-11-26 15:45:10'),(2379,11.00,122,53,'2018-11-26 15:45:10','2018-11-26 15:45:10');
/*!40000 ALTER TABLE `notes` ENABLE KEYS */;
UNLOCK TABLES;

--
-- Table structure for table `password_resets`
--

DROP TABLE IF EXISTS `password_resets`;
/*!40101 SET @saved_cs_client     = @@character_set_client */;
 SET character_set_client = utf8mb4 ;
CREATE TABLE `password_resets` (
  `email` varchar(255) COLLATE utf8mb4_unicode_ci NOT NULL,
  `token` varchar(255) COLLATE utf8mb4_unicode_ci NOT NULL,
  `created_at` timestamp NULL DEFAULT NULL,
  KEY `password_resets_email_index` (`email`)
) ENGINE=InnoDB DEFAULT CHARSET=utf8mb4 COLLATE=utf8mb4_unicode_ci;
/*!40101 SET character_set_client = @saved_cs_client */;

--
-- Dumping data for table `password_resets`
--

LOCK TABLES `password_resets` WRITE;
/*!40000 ALTER TABLE `password_resets` DISABLE KEYS */;
/*!40000 ALTER TABLE `password_resets` ENABLE KEYS */;
UNLOCK TABLES;

--
-- Table structure for table `photos`
--

DROP TABLE IF EXISTS `photos`;
/*!40101 SET @saved_cs_client     = @@character_set_client */;
 SET character_set_client = utf8mb4 ;
CREATE TABLE `photos` (
  `idPhoto` int(10) unsigned NOT NULL AUTO_INCREMENT,
  `chemin` varchar(45) COLLATE utf8mb4_unicode_ci NOT NULL,
  `image` geomcollection NOT NULL,
  `Etudiant_idEtudiant` int(10) unsigned NOT NULL,
  `created_at` timestamp NULL DEFAULT NULL,
  `updated_at` timestamp NULL DEFAULT NULL,
  PRIMARY KEY (`idPhoto`),
  KEY `photos_etudiant_idetudiant_foreign` (`Etudiant_idEtudiant`),
  CONSTRAINT `photos_etudiant_idetudiant_foreign` FOREIGN KEY (`Etudiant_idEtudiant`) REFERENCES `etudiants` (`idetudiant`)
) ENGINE=InnoDB DEFAULT CHARSET=utf8mb4 COLLATE=utf8mb4_unicode_ci;
/*!40101 SET character_set_client = @saved_cs_client */;

--
-- Dumping data for table `photos`
--

LOCK TABLES `photos` WRITE;
/*!40000 ALTER TABLE `photos` DISABLE KEYS */;
/*!40000 ALTER TABLE `photos` ENABLE KEYS */;
UNLOCK TABLES;

--
-- Table structure for table `semestres`
--

DROP TABLE IF EXISTS `semestres`;
/*!40101 SET @saved_cs_client     = @@character_set_client */;
 SET character_set_client = utf8mb4 ;
CREATE TABLE `semestres` (
  `idSemestre` int(10) unsigned NOT NULL AUTO_INCREMENT,
  `nom` varchar(45) COLLATE utf8mb4_unicode_ci NOT NULL,
  `debut` date NOT NULL,
  `fin` date NOT NULL,
  `Formation_idFormation` int(10) unsigned NOT NULL,
  `created_at` timestamp NULL DEFAULT NULL,
  `updated_at` timestamp NULL DEFAULT NULL,
  PRIMARY KEY (`idSemestre`)
) ENGINE=InnoDB AUTO_INCREMENT=6 DEFAULT CHARSET=utf8mb4 COLLATE=utf8mb4_unicode_ci;
/*!40101 SET character_set_client = @saved_cs_client */;

--
-- Dumping data for table `semestres`
--

LOCK TABLES `semestres` WRITE;
/*!40000 ALTER TABLE `semestres` DISABLE KEYS */;
INSERT INTO `semestres` VALUES (1,'S1','2016-09-01','2017-06-30',1,'2018-11-26 15:34:57','2018-11-26 15:34:57'),(2,'S2','2016-09-01','2017-06-30',1,'2018-11-26 15:34:58','2018-11-26 15:34:58'),(3,'S3','2016-09-01','2017-06-30',1,'2018-11-26 15:35:00','2018-11-26 15:35:00'),(4,'S4_IPI','2016-09-01','2017-06-30',1,'2018-11-26 15:35:03','2018-11-26 15:35:03'),(5,'S4_PEL','2016-09-01','2017-06-30',1,'2018-11-26 15:35:04','2018-11-26 15:35:04');
/*!40000 ALTER TABLE `semestres` ENABLE KEYS */;
UNLOCK TABLES;

--
-- Table structure for table `u_es`
--

DROP TABLE IF EXISTS `u_es`;
/*!40101 SET @saved_cs_client     = @@character_set_client */;
 SET character_set_client = utf8mb4 ;
CREATE TABLE `u_es` (
  `idUE` int(10) unsigned NOT NULL AUTO_INCREMENT,
  `nomUE` varchar(45) COLLATE utf8mb4_unicode_ci NOT NULL,
  `debut` date NOT NULL,
  `fin` date NOT NULL,
  `Semestre_idSemestre` int(10) unsigned NOT NULL,
  `created_at` timestamp NULL DEFAULT NULL,
  `updated_at` timestamp NULL DEFAULT NULL,
  PRIMARY KEY (`idUE`),
  KEY `u_es_semestre_idsemestre_foreign` (`Semestre_idSemestre`),
  CONSTRAINT `u_es_semestre_idsemestre_foreign` FOREIGN KEY (`Semestre_idSemestre`) REFERENCES `semestres` (`idsemestre`)
) ENGINE=InnoDB AUTO_INCREMENT=14 DEFAULT CHARSET=utf8mb4 COLLATE=utf8mb4_unicode_ci;
/*!40101 SET character_set_client = @saved_cs_client */;

--
-- Dumping data for table `u_es`
--

LOCK TABLES `u_es` WRITE;
/*!40000 ALTER TABLE `u_es` DISABLE KEYS */;
INSERT INTO `u_es` VALUES (1,'UE11','2016-09-01','2017-06-30',1,'2018-11-26 15:34:57','2018-11-26 15:34:57'),(2,'UE12','2016-09-01','2017-06-30',1,'2018-11-26 15:34:57','2018-11-26 15:34:57'),(3,'UE21','2016-09-01','2017-06-30',2,'2018-11-26 15:34:58','2018-11-26 15:34:58'),(4,'UE22','2016-09-01','2017-06-30',2,'2018-11-26 15:34:59','2018-11-26 15:34:59'),(5,'UE31','2016-09-01','2017-06-30',3,'2018-11-26 15:35:00','2018-11-26 15:35:00'),(6,'UE32','2016-09-01','2017-06-30',3,'2018-11-26 15:35:01','2018-11-26 15:35:01'),(7,'UE33','2016-09-01','2017-06-30',3,'2018-11-26 15:35:02','2018-11-26 15:35:02'),(8,'UE41','2016-09-01','2017-06-30',4,'2018-11-26 15:35:03','2018-11-26 15:35:03'),(9,'UE42','2016-09-01','2017-06-30',4,'2018-11-26 15:35:04','2018-11-26 15:35:04'),(10,'UE43','2016-09-01','2017-06-30',4,'2018-11-26 15:35:04','2018-11-26 15:35:04'),(11,'UE41','2016-09-01','2017-06-30',5,'2018-11-26 15:35:04','2018-11-26 15:35:04'),(12,'UE42','2016-09-01','2017-06-30',5,'2018-11-26 15:35:05','2018-11-26 15:35:05'),(13,'UE43','2016-09-01','2017-06-30',5,'2018-11-26 15:35:05','2018-11-26 15:35:05');
/*!40000 ALTER TABLE `u_es` ENABLE KEYS */;
UNLOCK TABLES;

--
-- Table structure for table `users`
--

DROP TABLE IF EXISTS `users`;
/*!40101 SET @saved_cs_client     = @@character_set_client */;
 SET character_set_client = utf8mb4 ;
CREATE TABLE `users` (
  `id` int(10) unsigned NOT NULL AUTO_INCREMENT,
  `name` varchar(255) COLLATE utf8mb4_unicode_ci NOT NULL,
  `email` varchar(255) COLLATE utf8mb4_unicode_ci NOT NULL,
  `email_verified_at` timestamp NULL DEFAULT NULL,
  `password` varchar(255) COLLATE utf8mb4_unicode_ci NOT NULL,
  `remember_token` varchar(100) COLLATE utf8mb4_unicode_ci DEFAULT NULL,
  `created_at` timestamp NULL DEFAULT NULL,
  `updated_at` timestamp NULL DEFAULT NULL,
  PRIMARY KEY (`id`),
  UNIQUE KEY `users_email_unique` (`email`)
) ENGINE=InnoDB DEFAULT CHARSET=utf8mb4 COLLATE=utf8mb4_unicode_ci;
/*!40101 SET character_set_client = @saved_cs_client */;

--
-- Dumping data for table `users`
--

LOCK TABLES `users` WRITE;
/*!40000 ALTER TABLE `users` DISABLE KEYS */;
/*!40000 ALTER TABLE `users` ENABLE KEYS */;
UNLOCK TABLES;
/*!40103 SET TIME_ZONE=@OLD_TIME_ZONE */;

/*!40101 SET SQL_MODE=@OLD_SQL_MODE */;
/*!40014 SET FOREIGN_KEY_CHECKS=@OLD_FOREIGN_KEY_CHECKS */;
/*!40014 SET UNIQUE_CHECKS=@OLD_UNIQUE_CHECKS */;
/*!40101 SET CHARACTER_SET_CLIENT=@OLD_CHARACTER_SET_CLIENT */;
/*!40101 SET CHARACTER_SET_RESULTS=@OLD_CHARACTER_SET_RESULTS */;
/*!40101 SET COLLATION_CONNECTION=@OLD_COLLATION_CONNECTION */;
/*!40111 SET SQL_NOTES=@OLD_SQL_NOTES */;

-- Dump completed on 2018-11-26 17:54:21
